プール: 42関節方向, MN 239本
WARNING    'w' is an internal variable of group 'syn', but also exists in the run namespace with the value 0. The internal variable will be used. [brian2.groups.group.Group.resolve.resolution_conflict]
WARNING    The name "tau" refers to different objects in different namespaces used for resolving names in the context of group "vnc". Will use the object from the group-specific namespace with the value 5. * msecond, but the name also refers to a variable in the run namespace with value '0.04743416490252569'. [brian2.groups.group.Group.resolve.resolution_conflict]
WARNING    'g' is an internal variable of group 'vnc', but also exists in the run namespace with the value 1.0. The internal variable will be used. [brian2.groups.group.Group.resolve.resolution_conflict]
WARNING    'g' is an internal variable of group 'syn', but also exists in the run namespace with the value 1.0. The internal variable will be used. [brian2.groups.group.Group.resolve.resolution_conflict]
WARNING    'w' is an internal variable of group 'syn', but also exists in the run namespace with the value 1. The internal variable will be used. [brian2.groups.group.Group.resolve.resolution_conflict]
WARNING    'w' is an internal variable of group 'syn', but also exists in the run namespace with the value 2. The internal variable will be used. [brian2.groups.group.Group.resolve.resolution_conflict]
WARNING    'w' is an internal variable of group 'syn', but also exists in the run namespace with the value 3. The internal variable will be used. [brian2.groups.group.Group.resolve.resolution_conflict]
WARNING    'w' is an internal variable of group 'syn', but also exists in the run namespace with the value 4. The internal variable will be used. [brian2.groups.group.Group.resolve.resolution_conflict]
WARNING    'w' is an internal variable of group 'syn', but also exists in the run namespace with the value 5. The internal variable will be used. [brian2.groups.group.Group.resolve.resolution_conflict]
WARNING    'w' is an internal variable of group 'syn', but also exists in the run namespace with the value 6. The internal variable will be used. [brian2.groups.group.Group.resolve.resolution_conflict]
WARNING    'w' is an internal variable of group 'syn', but also exists in the run namespace with the value 7. The internal variable will be used. [brian2.groups.group.Group.resolve.resolution_conflict]
WARNING    'w' is an internal variable of group 'syn', but also exists in the run namespace with the value 8. The internal variable will be used. [brian2.groups.group.Group.resolve.resolution_conflict]
WARNING    'w' is an internal variable of group 'syn', but also exists in the run namespace with the value 9. The internal variable will be used. [brian2.groups.group.Group.resolve.resolution_conflict]
WARNING    'w' is an internal variable of group 'syn', but also exists in the run namespace with the value 10. The internal variable will be used. [brian2.groups.group.Group.resolve.resolution_conflict]
WARNING    'w' is an internal variable of group 'syn', but also exists in the run namespace with the value 11. The internal variable will be used. [brian2.groups.group.Group.resolve.resolution_conflict]
WARNING    'w' is an internal variable of group 'syn', but also exists in the run namespace with the value 12. The internal variable will be used. [brian2.groups.group.Group.resolve.resolution_conflict]
WARNING    'w' is an internal variable of group 'syn', but also exists in the run namespace with the value 13. The internal variable will be used. [brian2.groups.group.Group.resolve.resolution_conflict]
WARNING    'w' is an internal variable of group 'syn', but also exists in the run namespace with the value 14. The internal variable will be used. [brian2.groups.group.Group.resolve.resolution_conflict]
WARNING    'w' is an internal variable of group 'syn', but also exists in the run namespace with the value 15. The internal variable will be used. [brian2.groups.group.Group.resolve.resolution_conflict]
WARNING    'w' is an internal variable of group 'syn', but also exists in the run namespace with the value 16. The internal variable will be used. [brian2.groups.group.Group.resolve.resolution_conflict]
WARNING    'w' is an internal variable of group 'syn', but also exists in the run namespace with the value 17. The internal variable will be used. [brian2.groups.group.Group.resolve.resolution_conflict]
WARNING    'w' is an internal variable of group 'syn', but also exists in the run namespace with the value 18. The internal variable will be used. [brian2.groups.group.Group.resolve.resolution_conflict]
WARNING    'w' is an internal variable of group 'syn', but also exists in the run namespace with the value 19. The internal variable will be used. [brian2.groups.group.Group.resolve.resolution_conflict]
WARNING    'w' is an internal variable of group 'syn', but also exists in the run namespace with the value 20. The internal variable will be used. [brian2.groups.group.Group.resolve.resolution_conflict]
WARNING    'w' is an internal variable of group 'syn', but also exists in the run namespace with the value 21. The internal variable will be used. [brian2.groups.group.Group.resolve.resolution_conflict]
WARNING    'w' is an internal variable of group 'syn', but also exists in the run namespace with the value 22. The internal variable will be used. [brian2.groups.group.Group.resolve.resolution_conflict]
WARNING    'w' is an internal variable of group 'syn', but also exists in the run namespace with the value 23. The internal variable will be used. [brian2.groups.group.Group.resolve.resolution_conflict]
WARNING    'w' is an internal variable of group 'syn', but also exists in the run namespace with the value 24. The internal variable will be used. [brian2.groups.group.Group.resolve.resolution_conflict]
WARNING    'w' is an internal variable of group 'syn', but also exists in the run namespace with the value 25. The internal variable will be used. [brian2.groups.group.Group.resolve.resolution_conflict]
WARNING    'w' is an internal variable of group 'syn', but also exists in the run namespace with the value 26. The internal variable will be used. [brian2.groups.group.Group.resolve.resolution_conflict]
WARNING    'w' is an internal variable of group 'syn', but also exists in the run namespace with the value 27. The internal variable will be used. [brian2.groups.group.Group.resolve.resolution_conflict]
WARNING    'w' is an internal variable of group 'syn', but also exists in the run namespace with the value 28. The internal variable will be used. [brian2.groups.group.Group.resolve.resolution_conflict]
WARNING    'w' is an internal variable of group 'syn', but also exists in the run namespace with the value 29. The internal variable will be used. [brian2.groups.group.Group.resolve.resolution_conflict]
WARNING    'w' is an internal variable of group 'syn', but also exists in the run namespace with the value 30. The internal variable will be used. [brian2.groups.group.Group.resolve.resolution_conflict]
WARNING    'w' is an internal variable of group 'syn', but also exists in the run namespace with the value 31. The internal variable will be used. [brian2.groups.group.Group.resolve.resolution_conflict]
WARNING    'w' is an internal variable of group 'syn', but also exists in the run namespace with the value 32. The internal variable will be used. [brian2.groups.group.Group.resolve.resolution_conflict]
WARNING    'w' is an internal variable of group 'syn', but also exists in the run namespace with the value 33. The internal variable will be used. [brian2.groups.group.Group.resolve.resolution_conflict]
WARNING    'w' is an internal variable of group 'syn', but also exists in the run namespace with the value 34. The internal variable will be used. [brian2.groups.group.Group.resolve.resolution_conflict]
WARNING    'w' is an internal variable of group 'syn', but also exists in the run namespace with the value 35. The internal variable will be used. [brian2.groups.group.Group.resolve.resolution_conflict]
WARNING    'w' is an internal variable of group 'syn', but also exists in the run namespace with the value 36. The internal variable will be used. [brian2.groups.group.Group.resolve.resolution_conflict]
WARNING    'w' is an internal variable of group 'syn', but also exists in the run namespace with the value 37. The internal variable will be used. [brian2.groups.group.Group.resolve.resolution_conflict]
WARNING    'w' is an internal variable of group 'syn', but also exists in the run namespace with the value 38. The internal variable will be used. [brian2.groups.group.Group.resolve.resolution_conflict]
WARNING    'w' is an internal variable of group 'syn', but also exists in the run namespace with the value 39. The internal variable will be used. [brian2.groups.group.Group.resolve.resolution_conflict]
WARNING    'w' is an internal variable of group 'syn', but also exists in the run namespace with the value 40. The internal variable will be used. [brian2.groups.group.Group.resolve.resolution_conflict]
WARNING    'w' is an internal variable of group 'syn', but also exists in the run namespace with the value 41. The internal variable will be used. [brian2.groups.group.Group.resolve.resolution_conflict]
WARNING    'w' is an internal variable of group 'syn', but also exists in the run namespace with the value 42. The internal variable will be used. [brian2.groups.group.Group.resolve.resolution_conflict]
WARNING    'w' is an internal variable of group 'syn', but also exists in the run namespace with the value 43. The internal variable will be used. [brian2.groups.group.Group.resolve.resolution_conflict]
WARNING    'w' is an internal variable of group 'syn', but also exists in the run namespace with the value 44. The internal variable will be used. [brian2.groups.group.Group.resolve.resolution_conflict]
WARNING    'w' is an internal variable of group 'syn', but also exists in the run namespace with the value 45. The internal variable will be used. [brian2.groups.group.Group.resolve.resolution_conflict]
WARNING    'w' is an internal variable of group 'syn', but also exists in the run namespace with the value 46. The internal variable will be used. [brian2.groups.group.Group.resolve.resolution_conflict]
WARNING    'w' is an internal variable of group 'syn', but also exists in the run namespace with the value 47. The internal variable will be used. [brian2.groups.group.Group.resolve.resolution_conflict]
WARNING    'w' is an internal variable of group 'syn', but also exists in the run namespace with the value 48. The internal variable will be used. [brian2.groups.group.Group.resolve.resolution_conflict]
WARNING    'w' is an internal variable of group 'syn', but also exists in the run namespace with the value 49. The internal variable will be used. [brian2.groups.group.Group.resolve.resolution_conflict]
WARNING    'w' is an internal variable of group 'syn', but also exists in the run namespace with the value 50. The internal variable will be used. [brian2.groups.group.Group.resolve.resolution_conflict]
WARNING    'w' is an internal variable of group 'syn', but also exists in the run namespace with the value 51. The internal variable will be used. [brian2.groups.group.Group.resolve.resolution_conflict]
WARNING    'w' is an internal variable of group 'syn', but also exists in the run namespace with the value 52. The internal variable will be used. [brian2.groups.group.Group.resolve.resolution_conflict]
WARNING    'w' is an internal variable of group 'syn', but also exists in the run namespace with the value 53. The internal variable will be used. [brian2.groups.group.Group.resolve.resolution_conflict]
WARNING    'w' is an internal variable of group 'syn', but also exists in the run namespace with the value 54. The internal variable will be used. [brian2.groups.group.Group.resolve.resolution_conflict]
WARNING    'w' is an internal variable of group 'syn', but also exists in the run namespace with the value 55. The internal variable will be used. [brian2.groups.group.Group.resolve.resolution_conflict]
WARNING    'w' is an internal variable of group 'syn', but also exists in the run namespace with the value 56. The internal variable will be used. [brian2.groups.group.Group.resolve.resolution_conflict]
WARNING    'w' is an internal variable of group 'syn', but also exists in the run namespace with the value 57. The internal variable will be used. [brian2.groups.group.Group.resolve.resolution_conflict]
WARNING    'w' is an internal variable of group 'syn', but also exists in the run namespace with the value 58. The internal variable will be used. [brian2.groups.group.Group.resolve.resolution_conflict]
WARNING    'w' is an internal variable of group 'syn', but also exists in the run namespace with the value 59. The internal variable will be used. [brian2.groups.group.Group.resolve.resolution_conflict]
WARNING    'w' is an internal variable of group 'syn', but also exists in the run namespace with the value 60. The internal variable will be used. [brian2.groups.group.Group.resolve.resolution_conflict]
WARNING    'w' is an internal variable of group 'syn', but also exists in the run namespace with the value 61. The internal variable will be used. [brian2.groups.group.Group.resolve.resolution_conflict]
WARNING    'w' is an internal variable of group 'syn', but also exists in the run namespace with the value 62. The internal variable will be used. [brian2.groups.group.Group.resolve.resolution_conflict]
WARNING    'w' is an internal variable of group 'syn', but also exists in the run namespace with the value 63. The internal variable will be used. [brian2.groups.group.Group.resolve.resolution_conflict]
WARNING    'w' is an internal variable of group 'syn', but also exists in the run namespace with the value 64. The internal variable will be used. [brian2.groups.group.Group.resolve.resolution_conflict]
WARNING    'w' is an internal variable of group 'syn', but also exists in the run namespace with the value 65. The internal variable will be used. [brian2.groups.group.Group.resolve.resolution_conflict]
WARNING    'w' is an internal variable of group 'syn', but also exists in the run namespace with the value 66. The internal variable will be used. [brian2.groups.group.Group.resolve.resolution_conflict]
WARNING    'w' is an internal variable of group 'syn', but also exists in the run namespace with the value 67. The internal variable will be used. [brian2.groups.group.Group.resolve.resolution_conflict]
WARNING    'w' is an internal variable of group 'syn', but also exists in the run namespace with the value 68. The internal variable will be used. [brian2.groups.group.Group.resolve.resolution_conflict]
WARNING    'w' is an internal variable of group 'syn', but also exists in the run namespace with the value 69. The internal variable will be used. [brian2.groups.group.Group.resolve.resolution_conflict]
WARNING    'w' is an internal variable of group 'syn', but also exists in the run namespace with the value 70. The internal variable will be used. [brian2.groups.group.Group.resolve.resolution_conflict]
WARNING    'w' is an internal variable of group 'syn', but also exists in the run namespace with the value 71. The internal variable will be used. [brian2.groups.group.Group.resolve.resolution_conflict]
WARNING    'w' is an internal variable of group 'syn', but also exists in the run namespace with the value 72. The internal variable will be used. [brian2.groups.group.Group.resolve.resolution_conflict]
WARNING    'w' is an internal variable of group 'syn', but also exists in the run namespace with the value 73. The internal variable will be used. [brian2.groups.group.Group.resolve.resolution_conflict]
WARNING    'w' is an internal variable of group 'syn', but also exists in the run namespace with the value 74. The internal variable will be used. [brian2.groups.group.Group.resolve.resolution_conflict]
WARNING    'w' is an internal variable of group 'syn', but also exists in the run namespace with the value 75. The internal variable will be used. [brian2.groups.group.Group.resolve.resolution_conflict]
WARNING    'w' is an internal variable of group 'syn', but also exists in the run namespace with the value 76. The internal variable will be used. [brian2.groups.group.Group.resolve.resolution_conflict]
WARNING    'w' is an internal variable of group 'syn', but also exists in the run namespace with the value 77. The internal variable will be used. [brian2.groups.group.Group.resolve.resolution_conflict]
WARNING    'w' is an internal variable of group 'syn', but also exists in the run namespace with the value 78. The internal variable will be used. [brian2.groups.group.Group.resolve.resolution_conflict]
WARNING    'w' is an internal variable of group 'syn', but also exists in the run namespace with the value 79. The internal variable will be used. [brian2.groups.group.Group.resolve.resolution_conflict]
WARNING    'w' is an internal variable of group 'syn', but also exists in the run namespace with the value 80. The internal variable will be used. [brian2.groups.group.Group.resolve.resolution_conflict]
WARNING    'w' is an internal variable of group 'syn', but also exists in the run namespace with the value 81. The internal variable will be used. [brian2.groups.group.Group.resolve.resolution_conflict]
WARNING    'w' is an internal variable of group 'syn', but also exists in the run namespace with the value 82. The internal variable will be used. [brian2.groups.group.Group.resolve.resolution_conflict]
WARNING    'w' is an internal variable of group 'syn', but also exists in the run namespace with the value 83. The internal variable will be used. [brian2.groups.group.Group.resolve.resolution_conflict]
WARNING    'w' is an internal variable of group 'syn', but also exists in the run namespace with the value 84. The internal variable will be used. [brian2.groups.group.Group.resolve.resolution_conflict]
WARNING    'w' is an internal variable of group 'syn', but also exists in the run namespace with the value 85. The internal variable will be used. [brian2.groups.group.Group.resolve.resolution_conflict]
WARNING    'w' is an internal variable of group 'syn', but also exists in the run namespace with the value 86. The internal variable will be used. [brian2.groups.group.Group.resolve.resolution_conflict]
WARNING    'w' is an internal variable of group 'syn', but also exists in the run namespace with the value 87. The internal variable will be used. [brian2.groups.group.Group.resolve.resolution_conflict]
WARNING    'w' is an internal variable of group 'syn', but also exists in the run namespace with the value 88. The internal variable will be used. [brian2.groups.group.Group.resolve.resolution_conflict]
WARNING    'w' is an internal variable of group 'syn', but also exists in the run namespace with the value 89. The internal variable will be used. [brian2.groups.group.Group.resolve.resolution_conflict]
WARNING    'w' is an internal variable of group 'syn', but also exists in the run namespace with the value 90. The internal variable will be used. [brian2.groups.group.Group.resolve.resolution_conflict]
WARNING    'w' is an internal variable of group 'syn', but also exists in the run namespace with the value 91. The internal variable will be used. [brian2.groups.group.Group.resolve.resolution_conflict]
WARNING    'w' is an internal variable of group 'syn', but also exists in the run namespace with the value 92. The internal variable will be used. [brian2.groups.group.Group.resolve.resolution_conflict]
WARNING    'w' is an internal variable of group 'syn', but also exists in the run namespace with the value 93. The internal variable will be used. [brian2.groups.group.Group.resolve.resolution_conflict]
WARNING    'w' is an internal variable of group 'syn', but also exists in the run namespace with the value 94. The internal variable will be used. [brian2.groups.group.Group.resolve.resolution_conflict]
WARNING    'w' is an internal variable of group 'syn', but also exists in the run namespace with the value 95. The internal variable will be used. [brian2.groups.group.Group.resolve.resolution_conflict]
WARNING    'w' is an internal variable of group 'syn', but also exists in the run namespace with the value 96. The internal variable will be used. [brian2.groups.group.Group.resolve.resolution_conflict]
WARNING    'w' is an internal variable of group 'syn', but also exists in the run namespace with the value 97. The internal variable will be used. [brian2.groups.group.Group.resolve.resolution_conflict]
WARNING    'w' is an internal variable of group 'syn', but also exists in the run namespace with the value 98. The internal variable will be used. [brian2.groups.group.Group.resolve.resolution_conflict]
WARNING    'w' is an internal variable of group 'syn', but also exists in the run namespace with the value 99. The internal variable will be used. [brian2.groups.group.Group.resolve.resolution_conflict]
WARNING    'w' is an internal variable of group 'syn', but also exists in the run namespace with the value 100. The internal variable will be used. [brian2.groups.group.Group.resolve.resolution_conflict]
WARNING    'w' is an internal variable of group 'syn', but also exists in the run namespace with the value 101. The internal variable will be used. [brian2.groups.group.Group.resolve.resolution_conflict]
WARNING    'w' is an internal variable of group 'syn', but also exists in the run namespace with the value 102. The internal variable will be used. [brian2.groups.group.Group.resolve.resolution_conflict]
WARNING    'w' is an internal variable of group 'syn', but also exists in the run namespace with the value 103. The internal variable will be used. [brian2.groups.group.Group.resolve.resolution_conflict]
WARNING    'w' is an internal variable of group 'syn', but also exists in the run namespace with the value 104. The internal variable will be used. [brian2.groups.group.Group.resolve.resolution_conflict]
WARNING    'w' is an internal variable of group 'syn', but also exists in the run namespace with the value 105. The internal variable will be used. [brian2.groups.group.Group.resolve.resolution_conflict]
WARNING    'w' is an internal variable of group 'syn', but also exists in the run namespace with the value 106. The internal variable will be used. [brian2.groups.group.Group.resolve.resolution_conflict]
WARNING    'w' is an internal variable of group 'syn', but also exists in the run namespace with the value 107. The internal variable will be used. [brian2.groups.group.Group.resolve.resolution_conflict]
WARNING    'w' is an internal variable of group 'syn', but also exists in the run namespace with the value 108. The internal variable will be used. [brian2.groups.group.Group.resolve.resolution_conflict]
WARNING    'w' is an internal variable of group 'syn', but also exists in the run namespace with the value 109. The internal variable will be used. [brian2.groups.group.Group.resolve.resolution_conflict]
WARNING    'w' is an internal variable of group 'syn', but also exists in the run namespace with the value 110. The internal variable will be used. [brian2.groups.group.Group.resolve.resolution_conflict]
WARNING    'w' is an internal variable of group 'syn', but also exists in the run namespace with the value 111. The internal variable will be used. [brian2.groups.group.Group.resolve.resolution_conflict]
WARNING    'w' is an internal variable of group 'syn', but also exists in the run namespace with the value 112. The internal variable will be used. [brian2.groups.group.Group.resolve.resolution_conflict]
WARNING    'w' is an internal variable of group 'syn', but also exists in the run namespace with the value 113. The internal variable will be used. [brian2.groups.group.Group.resolve.resolution_conflict]
WARNING    'w' is an internal variable of group 'syn', but also exists in the run namespace with the value 114. The internal variable will be used. [brian2.groups.group.Group.resolve.resolution_conflict]
WARNING    'w' is an internal variable of group 'syn', but also exists in the run namespace with the value 115. The internal variable will be used. [brian2.groups.group.Group.resolve.resolution_conflict]
WARNING    'w' is an internal variable of group 'syn', but also exists in the run namespace with the value 116. The internal variable will be used. [brian2.groups.group.Group.resolve.resolution_conflict]
WARNING    'w' is an internal variable of group 'syn', but also exists in the run namespace with the value 117. The internal variable will be used. [brian2.groups.group.Group.resolve.resolution_conflict]
WARNING    'w' is an internal variable of group 'syn', but also exists in the run namespace with the value 118. The internal variable will be used. [brian2.groups.group.Group.resolve.resolution_conflict]
WARNING    'w' is an internal variable of group 'syn', but also exists in the run namespace with the value 119. The internal variable will be used. [brian2.groups.group.Group.resolve.resolution_conflict]
WARNING    'w' is an internal variable of group 'syn', but also exists in the run namespace with the value 120. The internal variable will be used. [brian2.groups.group.Group.resolve.resolution_conflict]
WARNING    'w' is an internal variable of group 'syn', but also exists in the run namespace with the value 121. The internal variable will be used. [brian2.groups.group.Group.resolve.resolution_conflict]
WARNING    'w' is an internal variable of group 'syn', but also exists in the run namespace with the value 122. The internal variable will be used. [brian2.groups.group.Group.resolve.resolution_conflict]
WARNING    'w' is an internal variable of group 'syn', but also exists in the run namespace with the value 123. The internal variable will be used. [brian2.groups.group.Group.resolve.resolution_conflict]
WARNING    'w' is an internal variable of group 'syn', but also exists in the run namespace with the value 124. The internal variable will be used. [brian2.groups.group.Group.resolve.resolution_conflict]
WARNING    'w' is an internal variable of group 'syn', but also exists in the run namespace with the value 125. The internal variable will be used. [brian2.groups.group.Group.resolve.resolution_conflict]
WARNING    'w' is an internal variable of group 'syn', but also exists in the run namespace with the value 126. The internal variable will be used. [brian2.groups.group.Group.resolve.resolution_conflict]
WARNING    'w' is an internal variable of group 'syn', but also exists in the run namespace with the value 127. The internal variable will be used. [brian2.groups.group.Group.resolve.resolution_conflict]
WARNING    'w' is an internal variable of group 'syn', but also exists in the run namespace with the value 128. The internal variable will be used. [brian2.groups.group.Group.resolve.resolution_conflict]
WARNING    'w' is an internal variable of group 'syn', but also exists in the run namespace with the value 129. The internal variable will be used. [brian2.groups.group.Group.resolve.resolution_conflict]
WARNING    'w' is an internal variable of group 'syn', but also exists in the run namespace with the value 130. The internal variable will be used. [brian2.groups.group.Group.resolve.resolution_conflict]
WARNING    'w' is an internal variable of group 'syn', but also exists in the run namespace with the value 131. The internal variable will be used. [brian2.groups.group.Group.resolve.resolution_conflict]
WARNING    'w' is an internal variable of group 'syn', but also exists in the run namespace with the value 132. The internal variable will be used. [brian2.groups.group.Group.resolve.resolution_conflict]
WARNING    'w' is an internal variable of group 'syn', but also exists in the run namespace with the value 133. The internal variable will be used. [brian2.groups.group.Group.resolve.resolution_conflict]
WARNING    'w' is an internal variable of group 'syn', but also exists in the run namespace with the value 134. The internal variable will be used. [brian2.groups.group.Group.resolve.resolution_conflict]
WARNING    'w' is an internal variable of group 'syn', but also exists in the run namespace with the value 135. The internal variable will be used. [brian2.groups.group.Group.resolve.resolution_conflict]
WARNING    'w' is an internal variable of group 'syn', but also exists in the run namespace with the value 136. The internal variable will be used. [brian2.groups.group.Group.resolve.resolution_conflict]
WARNING    'w' is an internal variable of group 'syn', but also exists in the run namespace with the value 137. The internal variable will be used. [brian2.groups.group.Group.resolve.resolution_conflict]
WARNING    'w' is an internal variable of group 'syn', but also exists in the run namespace with the value 138. The internal variable will be used. [brian2.groups.group.Group.resolve.resolution_conflict]
WARNING    'w' is an internal variable of group 'syn', but also exists in the run namespace with the value 139. The internal variable will be used. [brian2.groups.group.Group.resolve.resolution_conflict]
WARNING    'w' is an internal variable of group 'syn', but also exists in the run namespace with the value 140. The internal variable will be used. [brian2.groups.group.Group.resolve.resolution_conflict]
WARNING    'w' is an internal variable of group 'syn', but also exists in the run namespace with the value 141. The internal variable will be used. [brian2.groups.group.Group.resolve.resolution_conflict]
WARNING    'w' is an internal variable of group 'syn', but also exists in the run namespace with the value 142. The internal variable will be used. [brian2.groups.group.Group.resolve.resolution_conflict]
WARNING    'w' is an internal variable of group 'syn', but also exists in the run namespace with the value 143. The internal variable will be used. [brian2.groups.group.Group.resolve.resolution_conflict]
WARNING    'w' is an internal variable of group 'syn', but also exists in the run namespace with the value 144. The internal variable will be used. [brian2.groups.group.Group.resolve.resolution_conflict]
WARNING    'w' is an internal variable of group 'syn', but also exists in the run namespace with the value 145. The internal variable will be used. [brian2.groups.group.Group.resolve.resolution_conflict]
WARNING    'w' is an internal variable of group 'syn', but also exists in the run namespace with the value 146. The internal variable will be used. [brian2.groups.group.Group.resolve.resolution_conflict]
WARNING    'w' is an internal variable of group 'syn', but also exists in the run namespace with the value 147. The internal variable will be used. [brian2.groups.group.Group.resolve.resolution_conflict]
WARNING    'w' is an internal variable of group 'syn', but also exists in the run namespace with the value 148. The internal variable will be used. [brian2.groups.group.Group.resolve.resolution_conflict]
WARNING    'w' is an internal variable of group 'syn', but also exists in the run namespace with the value 149. The internal variable will be used. [brian2.groups.group.Group.resolve.resolution_conflict]
WARNING    'w' is an internal variable of group 'syn', but also exists in the run namespace with the value 150. The internal variable will be used. [brian2.groups.group.Group.resolve.resolution_conflict]
WARNING    'w' is an internal variable of group 'syn', but also exists in the run namespace with the value 151. The internal variable will be used. [brian2.groups.group.Group.resolve.resolution_conflict]
WARNING    'w' is an internal variable of group 'syn', but also exists in the run namespace with the value 152. The internal variable will be used. [brian2.groups.group.Group.resolve.resolution_conflict]
WARNING    'w' is an internal variable of group 'syn', but also exists in the run namespace with the value 153. The internal variable will be used. [brian2.groups.group.Group.resolve.resolution_conflict]
WARNING    'w' is an internal variable of group 'syn', but also exists in the run namespace with the value 154. The internal variable will be used. [brian2.groups.group.Group.resolve.resolution_conflict]
WARNING    'w' is an internal variable of group 'syn', but also exists in the run namespace with the value 155. The internal variable will be used. [brian2.groups.group.Group.resolve.resolution_conflict]
WARNING    'w' is an internal variable of group 'syn', but also exists in the run namespace with the value 156. The internal variable will be used. [brian2.groups.group.Group.resolve.resolution_conflict]
WARNING    'w' is an internal variable of group 'syn', but also exists in the run namespace with the value 157. The internal variable will be used. [brian2.groups.group.Group.resolve.resolution_conflict]
WARNING    'w' is an internal variable of group 'syn', but also exists in the run namespace with the value 158. The internal variable will be used. [brian2.groups.group.Group.resolve.resolution_conflict]
WARNING    'w' is an internal variable of group 'syn', but also exists in the run namespace with the value 159. The internal variable will be used. [brian2.groups.group.Group.resolve.resolution_conflict]
WARNING    'w' is an internal variable of group 'syn', but also exists in the run namespace with the value 160. The internal variable will be used. [brian2.groups.group.Group.resolve.resolution_conflict]
WARNING    'w' is an internal variable of group 'syn', but also exists in the run namespace with the value 161. The internal variable will be used. [brian2.groups.group.Group.resolve.resolution_conflict]
WARNING    'w' is an internal variable of group 'syn', but also exists in the run namespace with the value 162. The internal variable will be used. [brian2.groups.group.Group.resolve.resolution_conflict]
WARNING    'w' is an internal variable of group 'syn', but also exists in the run namespace with the value 163. The internal variable will be used. [brian2.groups.group.Group.resolve.resolution_conflict]
WARNING    'w' is an internal variable of group 'syn', but also exists in the run namespace with the value 164. The internal variable will be used. [brian2.groups.group.Group.resolve.resolution_conflict]
WARNING    'w' is an internal variable of group 'syn', but also exists in the run namespace with the value 165. The internal variable will be used. [brian2.groups.group.Group.resolve.resolution_conflict]
WARNING    'w' is an internal variable of group 'syn', but also exists in the run namespace with the value 166. The internal variable will be used. [brian2.groups.group.Group.resolve.resolution_conflict]
WARNING    'w' is an internal variable of group 'syn', but also exists in the run namespace with the value 167. The internal variable will be used. [brian2.groups.group.Group.resolve.resolution_conflict]
WARNING    'w' is an internal variable of group 'syn', but also exists in the run namespace with the value 168. The internal variable will be used. [brian2.groups.group.Group.resolve.resolution_conflict]
WARNING    'w' is an internal variable of group 'syn', but also exists in the run namespace with the value 169. The internal variable will be used. [brian2.groups.group.Group.resolve.resolution_conflict]
WARNING    'w' is an internal variable of group 'syn', but also exists in the run namespace with the value 170. The internal variable will be used. [brian2.groups.group.Group.resolve.resolution_conflict]
WARNING    'w' is an internal variable of group 'syn', but also exists in the run namespace with the value 171. The internal variable will be used. [brian2.groups.group.Group.resolve.resolution_conflict]
WARNING    'w' is an internal variable of group 'syn', but also exists in the run namespace with the value 172. The internal variable will be used. [brian2.groups.group.Group.resolve.resolution_conflict]
WARNING    'w' is an internal variable of group 'syn', but also exists in the run namespace with the value 173. The internal variable will be used. [brian2.groups.group.Group.resolve.resolution_conflict]
WARNING    'w' is an internal variable of group 'syn', but also exists in the run namespace with the value 174. The internal variable will be used. [brian2.groups.group.Group.resolve.resolution_conflict]
WARNING    'w' is an internal variable of group 'syn', but also exists in the run namespace with the value 175. The internal variable will be used. [brian2.groups.group.Group.resolve.resolution_conflict]
WARNING    'w' is an internal variable of group 'syn', but also exists in the run namespace with the value 176. The internal variable will be used. [brian2.groups.group.Group.resolve.resolution_conflict]
WARNING    'w' is an internal variable of group 'syn', but also exists in the run namespace with the value 177. The internal variable will be used. [brian2.groups.group.Group.resolve.resolution_conflict]
WARNING    'w' is an internal variable of group 'syn', but also exists in the run namespace with the value 178. The internal variable will be used. [brian2.groups.group.Group.resolve.resolution_conflict]
WARNING    'w' is an internal variable of group 'syn', but also exists in the run namespace with the value 179. The internal variable will be used. [brian2.groups.group.Group.resolve.resolution_conflict]
WARNING    'w' is an internal variable of group 'syn', but also exists in the run namespace with the value 180. The internal variable will be used. [brian2.groups.group.Group.resolve.resolution_conflict]
WARNING    'w' is an internal variable of group 'syn', but also exists in the run namespace with the value 181. The internal variable will be used. [brian2.groups.group.Group.resolve.resolution_conflict]
WARNING    'w' is an internal variable of group 'syn', but also exists in the run namespace with the value 182. The internal variable will be used. [brian2.groups.group.Group.resolve.resolution_conflict]
WARNING    'w' is an internal variable of group 'syn', but also exists in the run namespace with the value 183. The internal variable will be used. [brian2.groups.group.Group.resolve.resolution_conflict]
WARNING    'w' is an internal variable of group 'syn', but also exists in the run namespace with the value 184. The internal variable will be used. [brian2.groups.group.Group.resolve.resolution_conflict]
WARNING    'w' is an internal variable of group 'syn', but also exists in the run namespace with the value 185. The internal variable will be used. [brian2.groups.group.Group.resolve.resolution_conflict]
WARNING    'w' is an internal variable of group 'syn', but also exists in the run namespace with the value 186. The internal variable will be used. [brian2.groups.group.Group.resolve.resolution_conflict]
WARNING    'w' is an internal variable of group 'syn', but also exists in the run namespace with the value 187. The internal variable will be used. [brian2.groups.group.Group.resolve.resolution_conflict]
WARNING    'w' is an internal variable of group 'syn', but also exists in the run namespace with the value 188. The internal variable will be used. [brian2.groups.group.Group.resolve.resolution_conflict]
WARNING    'w' is an internal variable of group 'syn', but also exists in the run namespace with the value 189. The internal variable will be used. [brian2.groups.group.Group.resolve.resolution_conflict]
WARNING    'w' is an internal variable of group 'syn', but also exists in the run namespace with the value 190. The internal variable will be used. [brian2.groups.group.Group.resolve.resolution_conflict]
WARNING    'w' is an internal variable of group 'syn', but also exists in the run namespace with the value 191. The internal variable will be used. [brian2.groups.group.Group.resolve.resolution_conflict]
WARNING    'w' is an internal variable of group 'syn', but also exists in the run namespace with the value 192. The internal variable will be used. [brian2.groups.group.Group.resolve.resolution_conflict]
WARNING    'w' is an internal variable of group 'syn', but also exists in the run namespace with the value 193. The internal variable will be used. [brian2.groups.group.Group.resolve.resolution_conflict]
WARNING    'w' is an internal variable of group 'syn', but also exists in the run namespace with the value 194. The internal variable will be used. [brian2.groups.group.Group.resolve.resolution_conflict]
WARNING    'w' is an internal variable of group 'syn', but also exists in the run namespace with the value 195. The internal variable will be used. [brian2.groups.group.Group.resolve.resolution_conflict]
WARNING    'w' is an internal variable of group 'syn', but also exists in the run namespace with the value 196. The internal variable will be used. [brian2.groups.group.Group.resolve.resolution_conflict]
WARNING    'w' is an internal variable of group 'syn', but also exists in the run namespace with the value 197. The internal variable will be used. [brian2.groups.group.Group.resolve.resolution_conflict]
WARNING    'w' is an internal variable of group 'syn', but also exists in the run namespace with the value 198. The internal variable will be used. [brian2.groups.group.Group.resolve.resolution_conflict]
WARNING    'w' is an internal variable of group 'syn', but also exists in the run namespace with the value 199. The internal variable will be used. [brian2.groups.group.Group.resolve.resolution_conflict]
WARNING    'w' is an internal variable of group 'syn', but also exists in the run namespace with the value 200. The internal variable will be used. [brian2.groups.group.Group.resolve.resolution_conflict]
WARNING    'w' is an internal variable of group 'syn', but also exists in the run namespace with the value 201. The internal variable will be used. [brian2.groups.group.Group.resolve.resolution_conflict]
WARNING    'w' is an internal variable of group 'syn', but also exists in the run namespace with the value 202. The internal variable will be used. [brian2.groups.group.Group.resolve.resolution_conflict]
WARNING    'w' is an internal variable of group 'syn', but also exists in the run namespace with the value 203. The internal variable will be used. [brian2.groups.group.Group.resolve.resolution_conflict]
WARNING    'w' is an internal variable of group 'syn', but also exists in the run namespace with the value 204. The internal variable will be used. [brian2.groups.group.Group.resolve.resolution_conflict]
WARNING    'w' is an internal variable of group 'syn', but also exists in the run namespace with the value 205. The internal variable will be used. [brian2.groups.group.Group.resolve.resolution_conflict]
WARNING    'w' is an internal variable of group 'syn', but also exists in the run namespace with the value 206. The internal variable will be used. [brian2.groups.group.Group.resolve.resolution_conflict]
WARNING    'w' is an internal variable of group 'syn', but also exists in the run namespace with the value 207. The internal variable will be used. [brian2.groups.group.Group.resolve.resolution_conflict]
WARNING    'w' is an internal variable of group 'syn', but also exists in the run namespace with the value 208. The internal variable will be used. [brian2.groups.group.Group.resolve.resolution_conflict]
WARNING    'w' is an internal variable of group 'syn', but also exists in the run namespace with the value 209. The internal variable will be used. [brian2.groups.group.Group.resolve.resolution_conflict]
WARNING    'w' is an internal variable of group 'syn', but also exists in the run namespace with the value 210. The internal variable will be used. [brian2.groups.group.Group.resolve.resolution_conflict]
WARNING    'w' is an internal variable of group 'syn', but also exists in the run namespace with the value 211. The internal variable will be used. [brian2.groups.group.Group.resolve.resolution_conflict]
WARNING    'w' is an internal variable of group 'syn', but also exists in the run namespace with the value 212. The internal variable will be used. [brian2.groups.group.Group.resolve.resolution_conflict]
WARNING    'w' is an internal variable of group 'syn', but also exists in the run namespace with the value 213. The internal variable will be used. [brian2.groups.group.Group.resolve.resolution_conflict]
WARNING    'w' is an internal variable of group 'syn', but also exists in the run namespace with the value 214. The internal variable will be used. [brian2.groups.group.Group.resolve.resolution_conflict]
WARNING    'w' is an internal variable of group 'syn', but also exists in the run namespace with the value 215. The internal variable will be used. [brian2.groups.group.Group.resolve.resolution_conflict]
WARNING    'w' is an internal variable of group 'syn', but also exists in the run namespace with the value 216. The internal variable will be used. [brian2.groups.group.Group.resolve.resolution_conflict]
WARNING    'w' is an internal variable of group 'syn', but also exists in the run namespace with the value 217. The internal variable will be used. [brian2.groups.group.Group.resolve.resolution_conflict]
WARNING    'w' is an internal variable of group 'syn', but also exists in the run namespace with the value 218. The internal variable will be used. [brian2.groups.group.Group.resolve.resolution_conflict]
WARNING    'w' is an internal variable of group 'syn', but also exists in the run namespace with the value 219. The internal variable will be used. [brian2.groups.group.Group.resolve.resolution_conflict]
WARNING    'w' is an internal variable of group 'syn', but also exists in the run namespace with the value 220. The internal variable will be used. [brian2.groups.group.Group.resolve.resolution_conflict]
WARNING    'w' is an internal variable of group 'syn', but also exists in the run namespace with the value 221. The internal variable will be used. [brian2.groups.group.Group.resolve.resolution_conflict]
WARNING    'w' is an internal variable of group 'syn', but also exists in the run namespace with the value 222. The internal variable will be used. [brian2.groups.group.Group.resolve.resolution_conflict]
WARNING    'w' is an internal variable of group 'syn', but also exists in the run namespace with the value 223. The internal variable will be used. [brian2.groups.group.Group.resolve.resolution_conflict]
WARNING    'w' is an internal variable of group 'syn', but also exists in the run namespace with the value 224. The internal variable will be used. [brian2.groups.group.Group.resolve.resolution_conflict]
WARNING    'w' is an internal variable of group 'syn', but also exists in the run namespace with the value 225. The internal variable will be used. [brian2.groups.group.Group.resolve.resolution_conflict]
WARNING    'w' is an internal variable of group 'syn', but also exists in the run namespace with the value 226. The internal variable will be used. [brian2.groups.group.Group.resolve.resolution_conflict]
WARNING    'w' is an internal variable of group 'syn', but also exists in the run namespace with the value 227. The internal variable will be used. [brian2.groups.group.Group.resolve.resolution_conflict]
WARNING    'w' is an internal variable of group 'syn', but also exists in the run namespace with the value 228. The internal variable will be used. [brian2.groups.group.Group.resolve.resolution_conflict]
WARNING    'w' is an internal variable of group 'syn', but also exists in the run namespace with the value 229. The internal variable will be used. [brian2.groups.group.Group.resolve.resolution_conflict]
WARNING    'w' is an internal variable of group 'syn', but also exists in the run namespace with the value 230. The internal variable will be used. [brian2.groups.group.Group.resolve.resolution_conflict]
WARNING    'w' is an internal variable of group 'syn', but also exists in the run namespace with the value 231. The internal variable will be used. [brian2.groups.group.Group.resolve.resolution_conflict]
WARNING    'w' is an internal variable of group 'syn', but also exists in the run namespace with the value 232. The internal variable will be used. [brian2.groups.group.Group.resolve.resolution_conflict]
WARNING    'w' is an internal variable of group 'syn', but also exists in the run namespace with the value 233. The internal variable will be used. [brian2.groups.group.Group.resolve.resolution_conflict]
WARNING    'w' is an internal variable of group 'syn', but also exists in the run namespace with the value 234. The internal variable will be used. [brian2.groups.group.Group.resolve.resolution_conflict]
WARNING    'w' is an internal variable of group 'syn', but also exists in the run namespace with the value 235. The internal variable will be used. [brian2.groups.group.Group.resolve.resolution_conflict]
WARNING    'w' is an internal variable of group 'syn', but also exists in the run namespace with the value 236. The internal variable will be used. [brian2.groups.group.Group.resolve.resolution_conflict]
WARNING    'w' is an internal variable of group 'syn', but also exists in the run namespace with the value 237. The internal variable will be used. [brian2.groups.group.Group.resolve.resolution_conflict]
WARNING    'w' is an internal variable of group 'syn', but also exists in the run namespace with the value 238. The internal variable will be used. [brian2.groups.group.Group.resolve.resolution_conflict]
WARNING    'w' is an internal variable of group 'syn', but also exists in the run namespace with the value 239. The internal variable will be used. [brian2.groups.group.Group.resolve.resolution_conflict]
WARNING    'w' is an internal variable of group 'syn', but also exists in the run namespace with the value 240. The internal variable will be used. [brian2.groups.group.Group.resolve.resolution_conflict]
WARNING    'w' is an internal variable of group 'syn', but also exists in the run namespace with the value 241. The internal variable will be used. [brian2.groups.group.Group.resolve.resolution_conflict]
WARNING    'w' is an internal variable of group 'syn', but also exists in the run namespace with the value 242. The internal variable will be used. [brian2.groups.group.Group.resolve.resolution_conflict]
WARNING    'w' is an internal variable of group 'syn', but also exists in the run namespace with the value 243. The internal variable will be used. [brian2.groups.group.Group.resolve.resolution_conflict]
WARNING    'w' is an internal variable of group 'syn', but also exists in the run namespace with the value 244. The internal variable will be used. [brian2.groups.group.Group.resolve.resolution_conflict]
WARNING    'w' is an internal variable of group 'syn', but also exists in the run namespace with the value 245. The internal variable will be used. [brian2.groups.group.Group.resolve.resolution_conflict]
WARNING    'w' is an internal variable of group 'syn', but also exists in the run namespace with the value 246. The internal variable will be used. [brian2.groups.group.Group.resolve.resolution_conflict]
WARNING    'w' is an internal variable of group 'syn', but also exists in the run namespace with the value 247. The internal variable will be used. [brian2.groups.group.Group.resolve.resolution_conflict]
WARNING    'w' is an internal variable of group 'syn', but also exists in the run namespace with the value 248. The internal variable will be used. [brian2.groups.group.Group.resolve.resolution_conflict]
WARNING    'w' is an internal variable of group 'syn', but also exists in the run namespace with the value 249. The internal variable will be used. [brian2.groups.group.Group.resolve.resolution_conflict]
WARNING    'w' is an internal variable of group 'syn', but also exists in the run namespace with the value 250. The internal variable will be used. [brian2.groups.group.Group.resolve.resolution_conflict]
WARNING    'w' is an internal variable of group 'syn', but also exists in the run namespace with the value 251. The internal variable will be used. [brian2.groups.group.Group.resolve.resolution_conflict]
WARNING    'w' is an internal variable of group 'syn', but also exists in the run namespace with the value 252. The internal variable will be used. [brian2.groups.group.Group.resolve.resolution_conflict]
WARNING    'w' is an internal variable of group 'syn', but also exists in the run namespace with the value 253. The internal variable will be used. [brian2.groups.group.Group.resolve.resolution_conflict]
WARNING    'w' is an internal variable of group 'syn', but also exists in the run namespace with the value 254. The internal variable will be used. [brian2.groups.group.Group.resolve.resolution_conflict]
WARNING    'w' is an internal variable of group 'syn', but also exists in the run namespace with the value 255. The internal variable will be used. [brian2.groups.group.Group.resolve.resolution_conflict]
WARNING    'w' is an internal variable of group 'syn', but also exists in the run namespace with the value 256. The internal variable will be used. [brian2.groups.group.Group.resolve.resolution_conflict]
WARNING    'w' is an internal variable of group 'syn', but also exists in the run namespace with the value 257. The internal variable will be used. [brian2.groups.group.Group.resolve.resolution_conflict]
WARNING    'w' is an internal variable of group 'syn', but also exists in the run namespace with the value 258. The internal variable will be used. [brian2.groups.group.Group.resolve.resolution_conflict]
WARNING    'w' is an internal variable of group 'syn', but also exists in the run namespace with the value 259. The internal variable will be used. [brian2.groups.group.Group.resolve.resolution_conflict]
WARNING    'w' is an internal variable of group 'syn', but also exists in the run namespace with the value 260. The internal variable will be used. [brian2.groups.group.Group.resolve.resolution_conflict]
WARNING    'w' is an internal variable of group 'syn', but also exists in the run namespace with the value 261. The internal variable will be used. [brian2.groups.group.Group.resolve.resolution_conflict]
WARNING    'w' is an internal variable of group 'syn', but also exists in the run namespace with the value 262. The internal variable will be used. [brian2.groups.group.Group.resolve.resolution_conflict]
WARNING    'w' is an internal variable of group 'syn', but also exists in the run namespace with the value 263. The internal variable will be used. [brian2.groups.group.Group.resolve.resolution_conflict]
WARNING    'w' is an internal variable of group 'syn', but also exists in the run namespace with the value 264. The internal variable will be used. [brian2.groups.group.Group.resolve.resolution_conflict]
WARNING    'w' is an internal variable of group 'syn', but also exists in the run namespace with the value 265. The internal variable will be used. [brian2.groups.group.Group.resolve.resolution_conflict]
WARNING    'w' is an internal variable of group 'syn', but also exists in the run namespace with the value 266. The internal variable will be used. [brian2.groups.group.Group.resolve.resolution_conflict]
WARNING    'w' is an internal variable of group 'syn', but also exists in the run namespace with the value 267. The internal variable will be used. [brian2.groups.group.Group.resolve.resolution_conflict]
WARNING    'w' is an internal variable of group 'syn', but also exists in the run namespace with the value 268. The internal variable will be used. [brian2.groups.group.Group.resolve.resolution_conflict]
WARNING    'w' is an internal variable of group 'syn', but also exists in the run namespace with the value 269. The internal variable will be used. [brian2.groups.group.Group.resolve.resolution_conflict]
WARNING    'w' is an internal variable of group 'syn', but also exists in the run namespace with the value 270. The internal variable will be used. [brian2.groups.group.Group.resolve.resolution_conflict]
WARNING    'w' is an internal variable of group 'syn', but also exists in the run namespace with the value 271. The internal variable will be used. [brian2.groups.group.Group.resolve.resolution_conflict]
WARNING    'w' is an internal variable of group 'syn', but also exists in the run namespace with the value 272. The internal variable will be used. [brian2.groups.group.Group.resolve.resolution_conflict]
WARNING    'w' is an internal variable of group 'syn', but also exists in the run namespace with the value 273. The internal variable will be used. [brian2.groups.group.Group.resolve.resolution_conflict]
WARNING    'w' is an internal variable of group 'syn', but also exists in the run namespace with the value 274. The internal variable will be used. [brian2.groups.group.Group.resolve.resolution_conflict]
WARNING    'w' is an internal variable of group 'syn', but also exists in the run namespace with the value 275. The internal variable will be used. [brian2.groups.group.Group.resolve.resolution_conflict]
WARNING    'w' is an internal variable of group 'syn', but also exists in the run namespace with the value 276. The internal variable will be used. [brian2.groups.group.Group.resolve.resolution_conflict]
WARNING    'w' is an internal variable of group 'syn', but also exists in the run namespace with the value 277. The internal variable will be used. [brian2.groups.group.Group.resolve.resolution_conflict]
WARNING    'w' is an internal variable of group 'syn', but also exists in the run namespace with the value 278. The internal variable will be used. [brian2.groups.group.Group.resolve.resolution_conflict]
WARNING    'w' is an internal variable of group 'syn', but also exists in the run namespace with the value 279. The internal variable will be used. [brian2.groups.group.Group.resolve.resolution_conflict]
WARNING    'w' is an internal variable of group 'syn', but also exists in the run namespace with the value 280. The internal variable will be used. [brian2.groups.group.Group.resolve.resolution_conflict]
WARNING    'w' is an internal variable of group 'syn', but also exists in the run namespace with the value 281. The internal variable will be used. [brian2.groups.group.Group.resolve.resolution_conflict]
WARNING    'w' is an internal variable of group 'syn', but also exists in the run namespace with the value 282. The internal variable will be used. [brian2.groups.group.Group.resolve.resolution_conflict]
WARNING    'w' is an internal variable of group 'syn', but also exists in the run namespace with the value 283. The internal variable will be used. [brian2.groups.group.Group.resolve.resolution_conflict]
WARNING    'w' is an internal variable of group 'syn', but also exists in the run namespace with the value 284. The internal variable will be used. [brian2.groups.group.Group.resolve.resolution_conflict]
WARNING    'w' is an internal variable of group 'syn', but also exists in the run namespace with the value 285. The internal variable will be used. [brian2.groups.group.Group.resolve.resolution_conflict]
WARNING    'w' is an internal variable of group 'syn', but also exists in the run namespace with the value 286. The internal variable will be used. [brian2.groups.group.Group.resolve.resolution_conflict]
WARNING    'w' is an internal variable of group 'syn', but also exists in the run namespace with the value 287. The internal variable will be used. [brian2.groups.group.Group.resolve.resolution_conflict]
WARNING    'w' is an internal variable of group 'syn', but also exists in the run namespace with the value 288. The internal variable will be used. [brian2.groups.group.Group.resolve.resolution_conflict]
WARNING    'w' is an internal variable of group 'syn', but also exists in the run namespace with the value 289. The internal variable will be used. [brian2.groups.group.Group.resolve.resolution_conflict]
WARNING    'w' is an internal variable of group 'syn', but also exists in the run namespace with the value 290. The internal variable will be used. [brian2.groups.group.Group.resolve.resolution_conflict]
WARNING    'w' is an internal variable of group 'syn', but also exists in the run namespace with the value 291. The internal variable will be used. [brian2.groups.group.Group.resolve.resolution_conflict]
WARNING    'w' is an internal variable of group 'syn', but also exists in the run namespace with the value 292. The internal variable will be used. [brian2.groups.group.Group.resolve.resolution_conflict]
WARNING    'w' is an internal variable of group 'syn', but also exists in the run namespace with the value 293. The internal variable will be used. [brian2.groups.group.Group.resolve.resolution_conflict]
WARNING    'w' is an internal variable of group 'syn', but also exists in the run namespace with the value 294. The internal variable will be used. [brian2.groups.group.Group.resolve.resolution_conflict]
WARNING    'w' is an internal variable of group 'syn', but also exists in the run namespace with the value 295. The internal variable will be used. [brian2.groups.group.Group.resolve.resolution_conflict]
WARNING    'w' is an internal variable of group 'syn', but also exists in the run namespace with the value 296. The internal variable will be used. [brian2.groups.group.Group.resolve.resolution_conflict]
WARNING    'w' is an internal variable of group 'syn', but also exists in the run namespace with the value 297. The internal variable will be used. [brian2.groups.group.Group.resolve.resolution_conflict]
WARNING    'w' is an internal variable of group 'syn', but also exists in the run namespace with the value 298. The internal variable will be used. [brian2.groups.group.Group.resolve.resolution_conflict]
WARNING    'w' is an internal variable of group 'syn', but also exists in the run namespace with the value 299. The internal variable will be used. [brian2.groups.group.Group.resolve.resolution_conflict]
WARNING    'w' is an internal variable of group 'syn', but also exists in the run namespace with the value 300. The internal variable will be used. [brian2.groups.group.Group.resolve.resolution_conflict]
WARNING    'w' is an internal variable of group 'syn', but also exists in the run namespace with the value 301. The internal variable will be used. [brian2.groups.group.Group.resolve.resolution_conflict]
WARNING    'w' is an internal variable of group 'syn', but also exists in the run namespace with the value 302. The internal variable will be used. [brian2.groups.group.Group.resolve.resolution_conflict]
WARNING    'w' is an internal variable of group 'syn', but also exists in the run namespace with the value 303. The internal variable will be used. [brian2.groups.group.Group.resolve.resolution_conflict]
WARNING    'w' is an internal variable of group 'syn', but also exists in the run namespace with the value 304. The internal variable will be used. [brian2.groups.group.Group.resolve.resolution_conflict]
WARNING    'w' is an internal variable of group 'syn', but also exists in the run namespace with the value 305. The internal variable will be used. [brian2.groups.group.Group.resolve.resolution_conflict]
WARNING    'w' is an internal variable of group 'syn', but also exists in the run namespace with the value 306. The internal variable will be used. [brian2.groups.group.Group.resolve.resolution_conflict]
WARNING    'w' is an internal variable of group 'syn', but also exists in the run namespace with the value 307. The internal variable will be used. [brian2.groups.group.Group.resolve.resolution_conflict]
WARNING    'w' is an internal variable of group 'syn', but also exists in the run namespace with the value 308. The internal variable will be used. [brian2.groups.group.Group.resolve.resolution_conflict]
WARNING    'w' is an internal variable of group 'syn', but also exists in the run namespace with the value 309. The internal variable will be used. [brian2.groups.group.Group.resolve.resolution_conflict]
WARNING    'w' is an internal variable of group 'syn', but also exists in the run namespace with the value 310. The internal variable will be used. [brian2.groups.group.Group.resolve.resolution_conflict]
WARNING    'w' is an internal variable of group 'syn', but also exists in the run namespace with the value 311. The internal variable will be used. [brian2.groups.group.Group.resolve.resolution_conflict]
WARNING    'w' is an internal variable of group 'syn', but also exists in the run namespace with the value 312. The internal variable will be used. [brian2.groups.group.Group.resolve.resolution_conflict]
WARNING    'w' is an internal variable of group 'syn', but also exists in the run namespace with the value 313. The internal variable will be used. [brian2.groups.group.Group.resolve.resolution_conflict]
WARNING    'w' is an internal variable of group 'syn', but also exists in the run namespace with the value 314. The internal variable will be used. [brian2.groups.group.Group.resolve.resolution_conflict]
WARNING    'w' is an internal variable of group 'syn', but also exists in the run namespace with the value 315. The internal variable will be used. [brian2.groups.group.Group.resolve.resolution_conflict]
WARNING    'w' is an internal variable of group 'syn', but also exists in the run namespace with the value 316. The internal variable will be used. [brian2.groups.group.Group.resolve.resolution_conflict]
WARNING    'w' is an internal variable of group 'syn', but also exists in the run namespace with the value 317. The internal variable will be used. [brian2.groups.group.Group.resolve.resolution_conflict]
WARNING    'w' is an internal variable of group 'syn', but also exists in the run namespace with the value 318. The internal variable will be used. [brian2.groups.group.Group.resolve.resolution_conflict]
WARNING    'w' is an internal variable of group 'syn', but also exists in the run namespace with the value 319. The internal variable will be used. [brian2.groups.group.Group.resolve.resolution_conflict]
WARNING    'w' is an internal variable of group 'syn', but also exists in the run namespace with the value 320. The internal variable will be used. [brian2.groups.group.Group.resolve.resolution_conflict]
WARNING    'w' is an internal variable of group 'syn', but also exists in the run namespace with the value 321. The internal variable will be used. [brian2.groups.group.Group.resolve.resolution_conflict]
WARNING    'w' is an internal variable of group 'syn', but also exists in the run namespace with the value 322. The internal variable will be used. [brian2.groups.group.Group.resolve.resolution_conflict]
WARNING    'w' is an internal variable of group 'syn', but also exists in the run namespace with the value 323. The internal variable will be used. [brian2.groups.group.Group.resolve.resolution_conflict]
WARNING    'w' is an internal variable of group 'syn', but also exists in the run namespace with the value 324. The internal variable will be used. [brian2.groups.group.Group.resolve.resolution_conflict]
WARNING    'w' is an internal variable of group 'syn', but also exists in the run namespace with the value 325. The internal variable will be used. [brian2.groups.group.Group.resolve.resolution_conflict]
WARNING    'w' is an internal variable of group 'syn', but also exists in the run namespace with the value 326. The internal variable will be used. [brian2.groups.group.Group.resolve.resolution_conflict]
WARNING    'w' is an internal variable of group 'syn', but also exists in the run namespace with the value 327. The internal variable will be used. [brian2.groups.group.Group.resolve.resolution_conflict]
WARNING    'w' is an internal variable of group 'syn', but also exists in the run namespace with the value 328. The internal variable will be used. [brian2.groups.group.Group.resolve.resolution_conflict]
WARNING    'w' is an internal variable of group 'syn', but also exists in the run namespace with the value 329. The internal variable will be used. [brian2.groups.group.Group.resolve.resolution_conflict]
WARNING    'w' is an internal variable of group 'syn', but also exists in the run namespace with the value 330. The internal variable will be used. [brian2.groups.group.Group.resolve.resolution_conflict]
WARNING    'w' is an internal variable of group 'syn', but also exists in the run namespace with the value 331. The internal variable will be used. [brian2.groups.group.Group.resolve.resolution_conflict]
WARNING    'w' is an internal variable of group 'syn', but also exists in the run namespace with the value 332. The internal variable will be used. [brian2.groups.group.Group.resolve.resolution_conflict]
WARNING    'w' is an internal variable of group 'syn', but also exists in the run namespace with the value 333. The internal variable will be used. [brian2.groups.group.Group.resolve.resolution_conflict]
WARNING    'w' is an internal variable of group 'syn', but also exists in the run namespace with the value 334. The internal variable will be used. [brian2.groups.group.Group.resolve.resolution_conflict]
WARNING    'w' is an internal variable of group 'syn', but also exists in the run namespace with the value 335. The internal variable will be used. [brian2.groups.group.Group.resolve.resolution_conflict]
WARNING    'w' is an internal variable of group 'syn', but also exists in the run namespace with the value 336. The internal variable will be used. [brian2.groups.group.Group.resolve.resolution_conflict]
WARNING    'w' is an internal variable of group 'syn', but also exists in the run namespace with the value 337. The internal variable will be used. [brian2.groups.group.Group.resolve.resolution_conflict]
WARNING    'w' is an internal variable of group 'syn', but also exists in the run namespace with the value 338. The internal variable will be used. [brian2.groups.group.Group.resolve.resolution_conflict]
WARNING    'w' is an internal variable of group 'syn', but also exists in the run namespace with the value 339. The internal variable will be used. [brian2.groups.group.Group.resolve.resolution_conflict]
WARNING    'w' is an internal variable of group 'syn', but also exists in the run namespace with the value 340. The internal variable will be used. [brian2.groups.group.Group.resolve.resolution_conflict]
WARNING    'w' is an internal variable of group 'syn', but also exists in the run namespace with the value 341. The internal variable will be used. [brian2.groups.group.Group.resolve.resolution_conflict]
WARNING    'w' is an internal variable of group 'syn', but also exists in the run namespace with the value 342. The internal variable will be used. [brian2.groups.group.Group.resolve.resolution_conflict]
WARNING    'w' is an internal variable of group 'syn', but also exists in the run namespace with the value 343. The internal variable will be used. [brian2.groups.group.Group.resolve.resolution_conflict]
WARNING    'w' is an internal variable of group 'syn', but also exists in the run namespace with the value 344. The internal variable will be used. [brian2.groups.group.Group.resolve.resolution_conflict]
WARNING    'w' is an internal variable of group 'syn', but also exists in the run namespace with the value 345. The internal variable will be used. [brian2.groups.group.Group.resolve.resolution_conflict]
WARNING    'w' is an internal variable of group 'syn', but also exists in the run namespace with the value 346. The internal variable will be used. [brian2.groups.group.Group.resolve.resolution_conflict]
WARNING    'w' is an internal variable of group 'syn', but also exists in the run namespace with the value 347. The internal variable will be used. [brian2.groups.group.Group.resolve.resolution_conflict]
WARNING    'w' is an internal variable of group 'syn', but also exists in the run namespace with the value 348. The internal variable will be used. [brian2.groups.group.Group.resolve.resolution_conflict]
WARNING    'w' is an internal variable of group 'syn', but also exists in the run namespace with the value 349. The internal variable will be used. [brian2.groups.group.Group.resolve.resolution_conflict]
WARNING    'w' is an internal variable of group 'syn', but also exists in the run namespace with the value 350. The internal variable will be used. [brian2.groups.group.Group.resolve.resolution_conflict]
WARNING    'w' is an internal variable of group 'syn', but also exists in the run namespace with the value 351. The internal variable will be used. [brian2.groups.group.Group.resolve.resolution_conflict]
WARNING    'w' is an internal variable of group 'syn', but also exists in the run namespace with the value 352. The internal variable will be used. [brian2.groups.group.Group.resolve.resolution_conflict]
WARNING    'w' is an internal variable of group 'syn', but also exists in the run namespace with the value 353. The internal variable will be used. [brian2.groups.group.Group.resolve.resolution_conflict]
WARNING    'w' is an internal variable of group 'syn', but also exists in the run namespace with the value 354. The internal variable will be used. [brian2.groups.group.Group.resolve.resolution_conflict]
WARNING    'w' is an internal variable of group 'syn', but also exists in the run namespace with the value 355. The internal variable will be used. [brian2.groups.group.Group.resolve.resolution_conflict]
WARNING    'w' is an internal variable of group 'syn', but also exists in the run namespace with the value 356. The internal variable will be used. [brian2.groups.group.Group.resolve.resolution_conflict]
WARNING    'w' is an internal variable of group 'syn', but also exists in the run namespace with the value 357. The internal variable will be used. [brian2.groups.group.Group.resolve.resolution_conflict]
WARNING    'w' is an internal variable of group 'syn', but also exists in the run namespace with the value 358. The internal variable will be used. [brian2.groups.group.Group.resolve.resolution_conflict]
WARNING    'w' is an internal variable of group 'syn', but also exists in the run namespace with the value 359. The internal variable will be used. [brian2.groups.group.Group.resolve.resolution_conflict]
WARNING    'w' is an internal variable of group 'syn', but also exists in the run namespace with the value 360. The internal variable will be used. [brian2.groups.group.Group.resolve.resolution_conflict]
WARNING    'w' is an internal variable of group 'syn', but also exists in the run namespace with the value 361. The internal variable will be used. [brian2.groups.group.Group.resolve.resolution_conflict]
WARNING    'w' is an internal variable of group 'syn', but also exists in the run namespace with the value 362. The internal variable will be used. [brian2.groups.group.Group.resolve.resolution_conflict]
WARNING    'w' is an internal variable of group 'syn', but also exists in the run namespace with the value 363. The internal variable will be used. [brian2.groups.group.Group.resolve.resolution_conflict]
WARNING    'w' is an internal variable of group 'syn', but also exists in the run namespace with the value 364. The internal variable will be used. [brian2.groups.group.Group.resolve.resolution_conflict]
WARNING    'w' is an internal variable of group 'syn', but also exists in the run namespace with the value 365. The internal variable will be used. [brian2.groups.group.Group.resolve.resolution_conflict]
WARNING    'w' is an internal variable of group 'syn', but also exists in the run namespace with the value 366. The internal variable will be used. [brian2.groups.group.Group.resolve.resolution_conflict]
WARNING    'w' is an internal variable of group 'syn', but also exists in the run namespace with the value 367. The internal variable will be used. [brian2.groups.group.Group.resolve.resolution_conflict]
WARNING    'w' is an internal variable of group 'syn', but also exists in the run namespace with the value 368. The internal variable will be used. [brian2.groups.group.Group.resolve.resolution_conflict]
WARNING    'w' is an internal variable of group 'syn', but also exists in the run namespace with the value 369. The internal variable will be used. [brian2.groups.group.Group.resolve.resolution_conflict]
WARNING    'w' is an internal variable of group 'syn', but also exists in the run namespace with the value 370. The internal variable will be used. [brian2.groups.group.Group.resolve.resolution_conflict]
WARNING    'w' is an internal variable of group 'syn', but also exists in the run namespace with the value 371. The internal variable will be used. [brian2.groups.group.Group.resolve.resolution_conflict]
WARNING    'w' is an internal variable of group 'syn', but also exists in the run namespace with the value 372. The internal variable will be used. [brian2.groups.group.Group.resolve.resolution_conflict]
WARNING    'w' is an internal variable of group 'syn', but also exists in the run namespace with the value 373. The internal variable will be used. [brian2.groups.group.Group.resolve.resolution_conflict]
WARNING    'w' is an internal variable of group 'syn', but also exists in the run namespace with the value 374. The internal variable will be used. [brian2.groups.group.Group.resolve.resolution_conflict]
WARNING    'w' is an internal variable of group 'syn', but also exists in the run namespace with the value 375. The internal variable will be used. [brian2.groups.group.Group.resolve.resolution_conflict]
WARNING    'w' is an internal variable of group 'syn', but also exists in the run namespace with the value 376. The internal variable will be used. [brian2.groups.group.Group.resolve.resolution_conflict]
WARNING    'w' is an internal variable of group 'syn', but also exists in the run namespace with the value 377. The internal variable will be used. [brian2.groups.group.Group.resolve.resolution_conflict]
WARNING    'w' is an internal variable of group 'syn', but also exists in the run namespace with the value 378. The internal variable will be used. [brian2.groups.group.Group.resolve.resolution_conflict]
WARNING    'w' is an internal variable of group 'syn', but also exists in the run namespace with the value 379. The internal variable will be used. [brian2.groups.group.Group.resolve.resolution_conflict]
WARNING    'w' is an internal variable of group 'syn', but also exists in the run namespace with the value 380. The internal variable will be used. [brian2.groups.group.Group.resolve.resolution_conflict]
WARNING    'w' is an internal variable of group 'syn', but also exists in the run namespace with the value 381. The internal variable will be used. [brian2.groups.group.Group.resolve.resolution_conflict]
WARNING    'w' is an internal variable of group 'syn', but also exists in the run namespace with the value 382. The internal variable will be used. [brian2.groups.group.Group.resolve.resolution_conflict]
WARNING    'w' is an internal variable of group 'syn', but also exists in the run namespace with the value 383. The internal variable will be used. [brian2.groups.group.Group.resolve.resolution_conflict]
WARNING    'w' is an internal variable of group 'syn', but also exists in the run namespace with the value 384. The internal variable will be used. [brian2.groups.group.Group.resolve.resolution_conflict]
WARNING    'w' is an internal variable of group 'syn', but also exists in the run namespace with the value 385. The internal variable will be used. [brian2.groups.group.Group.resolve.resolution_conflict]
WARNING    'w' is an internal variable of group 'syn', but also exists in the run namespace with the value 386. The internal variable will be used. [brian2.groups.group.Group.resolve.resolution_conflict]
WARNING    'w' is an internal variable of group 'syn', but also exists in the run namespace with the value 387. The internal variable will be used. [brian2.groups.group.Group.resolve.resolution_conflict]
WARNING    'w' is an internal variable of group 'syn', but also exists in the run namespace with the value 388. The internal variable will be used. [brian2.groups.group.Group.resolve.resolution_conflict]
WARNING    'w' is an internal variable of group 'syn', but also exists in the run namespace with the value 389. The internal variable will be used. [brian2.groups.group.Group.resolve.resolution_conflict]
WARNING    'w' is an internal variable of group 'syn', but also exists in the run namespace with the value 390. The internal variable will be used. [brian2.groups.group.Group.resolve.resolution_conflict]
WARNING    'w' is an internal variable of group 'syn', but also exists in the run namespace with the value 391. The internal variable will be used. [brian2.groups.group.Group.resolve.resolution_conflict]
WARNING    'w' is an internal variable of group 'syn', but also exists in the run namespace with the value 392. The internal variable will be used. [brian2.groups.group.Group.resolve.resolution_conflict]
WARNING    'w' is an internal variable of group 'syn', but also exists in the run namespace with the value 393. The internal variable will be used. [brian2.groups.group.Group.resolve.resolution_conflict]
WARNING    'w' is an internal variable of group 'syn', but also exists in the run namespace with the value 394. The internal variable will be used. [brian2.groups.group.Group.resolve.resolution_conflict]
WARNING    'w' is an internal variable of group 'syn', but also exists in the run namespace with the value 395. The internal variable will be used. [brian2.groups.group.Group.resolve.resolution_conflict]
WARNING    'w' is an internal variable of group 'syn', but also exists in the run namespace with the value 396. The internal variable will be used. [brian2.groups.group.Group.resolve.resolution_conflict]
WARNING    'w' is an internal variable of group 'syn', but also exists in the run namespace with the value 397. The internal variable will be used. [brian2.groups.group.Group.resolve.resolution_conflict]
WARNING    'w' is an internal variable of group 'syn', but also exists in the run namespace with the value 398. The internal variable will be used. [brian2.groups.group.Group.resolve.resolution_conflict]
WARNING    'w' is an internal variable of group 'syn', but also exists in the run namespace with the value 399. The internal variable will be used. [brian2.groups.group.Group.resolve.resolution_conflict]
WARNING    'w' is an internal variable of group 'syn', but also exists in the run namespace with the value 400. The internal variable will be used. [brian2.groups.group.Group.resolve.resolution_conflict]
WARNING    'w' is an internal variable of group 'syn', but also exists in the run namespace with the value 401. The internal variable will be used. [brian2.groups.group.Group.resolve.resolution_conflict]
WARNING    'w' is an internal variable of group 'syn', but also exists in the run namespace with the value 402. The internal variable will be used. [brian2.groups.group.Group.resolve.resolution_conflict]
WARNING    'w' is an internal variable of group 'syn', but also exists in the run namespace with the value 403. The internal variable will be used. [brian2.groups.group.Group.resolve.resolution_conflict]
WARNING    'w' is an internal variable of group 'syn', but also exists in the run namespace with the value 404. The internal variable will be used. [brian2.groups.group.Group.resolve.resolution_conflict]
WARNING    'w' is an internal variable of group 'syn', but also exists in the run namespace with the value 405. The internal variable will be used. [brian2.groups.group.Group.resolve.resolution_conflict]
WARNING    'w' is an internal variable of group 'syn', but also exists in the run namespace with the value 406. The internal variable will be used. [brian2.groups.group.Group.resolve.resolution_conflict]
WARNING    'w' is an internal variable of group 'syn', but also exists in the run namespace with the value 407. The internal variable will be used. [brian2.groups.group.Group.resolve.resolution_conflict]
WARNING    'w' is an internal variable of group 'syn', but also exists in the run namespace with the value 408. The internal variable will be used. [brian2.groups.group.Group.resolve.resolution_conflict]
WARNING    'w' is an internal variable of group 'syn', but also exists in the run namespace with the value 409. The internal variable will be used. [brian2.groups.group.Group.resolve.resolution_conflict]
WARNING    'w' is an internal variable of group 'syn', but also exists in the run namespace with the value 410. The internal variable will be used. [brian2.groups.group.Group.resolve.resolution_conflict]
WARNING    'w' is an internal variable of group 'syn', but also exists in the run namespace with the value 411. The internal variable will be used. [brian2.groups.group.Group.resolve.resolution_conflict]
WARNING    'w' is an internal variable of group 'syn', but also exists in the run namespace with the value 412. The internal variable will be used. [brian2.groups.group.Group.resolve.resolution_conflict]
WARNING    'w' is an internal variable of group 'syn', but also exists in the run namespace with the value 413. The internal variable will be used. [brian2.groups.group.Group.resolve.resolution_conflict]
WARNING    'w' is an internal variable of group 'syn', but also exists in the run namespace with the value 414. The internal variable will be used. [brian2.groups.group.Group.resolve.resolution_conflict]
WARNING    'w' is an internal variable of group 'syn', but also exists in the run namespace with the value 415. The internal variable will be used. [brian2.groups.group.Group.resolve.resolution_conflict]
WARNING    'w' is an internal variable of group 'syn', but also exists in the run namespace with the value 416. The internal variable will be used. [brian2.groups.group.Group.resolve.resolution_conflict]
WARNING    'w' is an internal variable of group 'syn', but also exists in the run namespace with the value 417. The internal variable will be used. [brian2.groups.group.Group.resolve.resolution_conflict]
WARNING    'w' is an internal variable of group 'syn', but also exists in the run namespace with the value 418. The internal variable will be used. [brian2.groups.group.Group.resolve.resolution_conflict]
WARNING    'w' is an internal variable of group 'syn', but also exists in the run namespace with the value 419. The internal variable will be used. [brian2.groups.group.Group.resolve.resolution_conflict]
WARNING    'w' is an internal variable of group 'syn', but also exists in the run namespace with the value 420. The internal variable will be used. [brian2.groups.group.Group.resolve.resolution_conflict]
WARNING    'w' is an internal variable of group 'syn', but also exists in the run namespace with the value 421. The internal variable will be used. [brian2.groups.group.Group.resolve.resolution_conflict]
WARNING    'w' is an internal variable of group 'syn', but also exists in the run namespace with the value 422. The internal variable will be used. [brian2.groups.group.Group.resolve.resolution_conflict]
WARNING    'w' is an internal variable of group 'syn', but also exists in the run namespace with the value 423. The internal variable will be used. [brian2.groups.group.Group.resolve.resolution_conflict]
WARNING    'w' is an internal variable of group 'syn', but also exists in the run namespace with the value 424. The internal variable will be used. [brian2.groups.group.Group.resolve.resolution_conflict]
WARNING    'w' is an internal variable of group 'syn', but also exists in the run namespace with the value 425. The internal variable will be used. [brian2.groups.group.Group.resolve.resolution_conflict]
WARNING    'w' is an internal variable of group 'syn', but also exists in the run namespace with the value 426. The internal variable will be used. [brian2.groups.group.Group.resolve.resolution_conflict]
WARNING    'w' is an internal variable of group 'syn', but also exists in the run namespace with the value 427. The internal variable will be used. [brian2.groups.group.Group.resolve.resolution_conflict]
WARNING    'w' is an internal variable of group 'syn', but also exists in the run namespace with the value 428. The internal variable will be used. [brian2.groups.group.Group.resolve.resolution_conflict]
WARNING    'w' is an internal variable of group 'syn', but also exists in the run namespace with the value 429. The internal variable will be used. [brian2.groups.group.Group.resolve.resolution_conflict]
WARNING    'w' is an internal variable of group 'syn', but also exists in the run namespace with the value 430. The internal variable will be used. [brian2.groups.group.Group.resolve.resolution_conflict]
WARNING    'w' is an internal variable of group 'syn', but also exists in the run namespace with the value 431. The internal variable will be used. [brian2.groups.group.Group.resolve.resolution_conflict]
WARNING    'w' is an internal variable of group 'syn', but also exists in the run namespace with the value 432. The internal variable will be used. [brian2.groups.group.Group.resolve.resolution_conflict]
WARNING    'w' is an internal variable of group 'syn', but also exists in the run namespace with the value 433. The internal variable will be used. [brian2.groups.group.Group.resolve.resolution_conflict]
WARNING    'w' is an internal variable of group 'syn', but also exists in the run namespace with the value 434. The internal variable will be used. [brian2.groups.group.Group.resolve.resolution_conflict]
WARNING    'w' is an internal variable of group 'syn', but also exists in the run namespace with the value 435. The internal variable will be used. [brian2.groups.group.Group.resolve.resolution_conflict]
WARNING    'w' is an internal variable of group 'syn', but also exists in the run namespace with the value 436. The internal variable will be used. [brian2.groups.group.Group.resolve.resolution_conflict]
WARNING    'w' is an internal variable of group 'syn', but also exists in the run namespace with the value 437. The internal variable will be used. [brian2.groups.group.Group.resolve.resolution_conflict]
WARNING    'w' is an internal variable of group 'syn', but also exists in the run namespace with the value 438. The internal variable will be used. [brian2.groups.group.Group.resolve.resolution_conflict]
WARNING    'w' is an internal variable of group 'syn', but also exists in the run namespace with the value 439. The internal variable will be used. [brian2.groups.group.Group.resolve.resolution_conflict]
WARNING    'w' is an internal variable of group 'syn', but also exists in the run namespace with the value 440. The internal variable will be used. [brian2.groups.group.Group.resolve.resolution_conflict]
WARNING    'w' is an internal variable of group 'syn', but also exists in the run namespace with the value 441. The internal variable will be used. [brian2.groups.group.Group.resolve.resolution_conflict]
WARNING    'w' is an internal variable of group 'syn', but also exists in the run namespace with the value 442. The internal variable will be used. [brian2.groups.group.Group.resolve.resolution_conflict]
WARNING    'w' is an internal variable of group 'syn', but also exists in the run namespace with the value 443. The internal variable will be used. [brian2.groups.group.Group.resolve.resolution_conflict]
WARNING    'w' is an internal variable of group 'syn', but also exists in the run namespace with the value 444. The internal variable will be used. [brian2.groups.group.Group.resolve.resolution_conflict]
WARNING    'w' is an internal variable of group 'syn', but also exists in the run namespace with the value 445. The internal variable will be used. [brian2.groups.group.Group.resolve.resolution_conflict]
WARNING    'w' is an internal variable of group 'syn', but also exists in the run namespace with the value 446. The internal variable will be used. [brian2.groups.group.Group.resolve.resolution_conflict]
WARNING    'w' is an internal variable of group 'syn', but also exists in the run namespace with the value 447. The internal variable will be used. [brian2.groups.group.Group.resolve.resolution_conflict]
WARNING    'w' is an internal variable of group 'syn', but also exists in the run namespace with the value 448. The internal variable will be used. [brian2.groups.group.Group.resolve.resolution_conflict]
WARNING    'w' is an internal variable of group 'syn', but also exists in the run namespace with the value 449. The internal variable will be used. [brian2.groups.group.Group.resolve.resolution_conflict]
WARNING    'w' is an internal variable of group 'syn', but also exists in the run namespace with the value 450. The internal variable will be used. [brian2.groups.group.Group.resolve.resolution_conflict]
WARNING    'w' is an internal variable of group 'syn', but also exists in the run namespace with the value 451. The internal variable will be used. [brian2.groups.group.Group.resolve.resolution_conflict]
WARNING    'w' is an internal variable of group 'syn', but also exists in the run namespace with the value 452. The internal variable will be used. [brian2.groups.group.Group.resolve.resolution_conflict]
WARNING    'w' is an internal variable of group 'syn', but also exists in the run namespace with the value 453. The internal variable will be used. [brian2.groups.group.Group.resolve.resolution_conflict]
WARNING    'w' is an internal variable of group 'syn', but also exists in the run namespace with the value 454. The internal variable will be used. [brian2.groups.group.Group.resolve.resolution_conflict]
WARNING    'w' is an internal variable of group 'syn', but also exists in the run namespace with the value 455. The internal variable will be used. [brian2.groups.group.Group.resolve.resolution_conflict]
WARNING    'w' is an internal variable of group 'syn', but also exists in the run namespace with the value 456. The internal variable will be used. [brian2.groups.group.Group.resolve.resolution_conflict]
WARNING    'w' is an internal variable of group 'syn', but also exists in the run namespace with the value 457. The internal variable will be used. [brian2.groups.group.Group.resolve.resolution_conflict]
WARNING    'w' is an internal variable of group 'syn', but also exists in the run namespace with the value 458. The internal variable will be used. [brian2.groups.group.Group.resolve.resolution_conflict]
WARNING    'w' is an internal variable of group 'syn', but also exists in the run namespace with the value 459. The internal variable will be used. [brian2.groups.group.Group.resolve.resolution_conflict]
WARNING    'w' is an internal variable of group 'syn', but also exists in the run namespace with the value 460. The internal variable will be used. [brian2.groups.group.Group.resolve.resolution_conflict]
WARNING    'w' is an internal variable of group 'syn', but also exists in the run namespace with the value 461. The internal variable will be used. [brian2.groups.group.Group.resolve.resolution_conflict]
WARNING    'w' is an internal variable of group 'syn', but also exists in the run namespace with the value 462. The internal variable will be used. [brian2.groups.group.Group.resolve.resolution_conflict]
WARNING    'w' is an internal variable of group 'syn', but also exists in the run namespace with the value 463. The internal variable will be used. [brian2.groups.group.Group.resolve.resolution_conflict]
WARNING    'w' is an internal variable of group 'syn', but also exists in the run namespace with the value 464. The internal variable will be used. [brian2.groups.group.Group.resolve.resolution_conflict]
WARNING    'w' is an internal variable of group 'syn', but also exists in the run namespace with the value 465. The internal variable will be used. [brian2.groups.group.Group.resolve.resolution_conflict]
WARNING    'w' is an internal variable of group 'syn', but also exists in the run namespace with the value 466. The internal variable will be used. [brian2.groups.group.Group.resolve.resolution_conflict]
WARNING    'w' is an internal variable of group 'syn', but also exists in the run namespace with the value 467. The internal variable will be used. [brian2.groups.group.Group.resolve.resolution_conflict]
WARNING    'w' is an internal variable of group 'syn', but also exists in the run namespace with the value 468. The internal variable will be used. [brian2.groups.group.Group.resolve.resolution_conflict]
WARNING    'w' is an internal variable of group 'syn', but also exists in the run namespace with the value 469. The internal variable will be used. [brian2.groups.group.Group.resolve.resolution_conflict]
WARNING    'w' is an internal variable of group 'syn', but also exists in the run namespace with the value 470. The internal variable will be used. [brian2.groups.group.Group.resolve.resolution_conflict]
WARNING    'w' is an internal variable of group 'syn', but also exists in the run namespace with the value 471. The internal variable will be used. [brian2.groups.group.Group.resolve.resolution_conflict]
WARNING    'w' is an internal variable of group 'syn', but also exists in the run namespace with the value 472. The internal variable will be used. [brian2.groups.group.Group.resolve.resolution_conflict]
WARNING    'w' is an internal variable of group 'syn', but also exists in the run namespace with the value 473. The internal variable will be used. [brian2.groups.group.Group.resolve.resolution_conflict]
WARNING    'w' is an internal variable of group 'syn', but also exists in the run namespace with the value 474. The internal variable will be used. [brian2.groups.group.Group.resolve.resolution_conflict]
WARNING    'w' is an internal variable of group 'syn', but also exists in the run namespace with the value 475. The internal variable will be used. [brian2.groups.group.Group.resolve.resolution_conflict]
WARNING    'w' is an internal variable of group 'syn', but also exists in the run namespace with the value 476. The internal variable will be used. [brian2.groups.group.Group.resolve.resolution_conflict]
WARNING    'w' is an internal variable of group 'syn', but also exists in the run namespace with the value 477. The internal variable will be used. [brian2.groups.group.Group.resolve.resolution_conflict]
WARNING    'w' is an internal variable of group 'syn', but also exists in the run namespace with the value 478. The internal variable will be used. [brian2.groups.group.Group.resolve.resolution_conflict]
WARNING    'w' is an internal variable of group 'syn', but also exists in the run namespace with the value 479. The internal variable will be used. [brian2.groups.group.Group.resolve.resolution_conflict]
WARNING    'w' is an internal variable of group 'syn', but also exists in the run namespace with the value 480. The internal variable will be used. [brian2.groups.group.Group.resolve.resolution_conflict]
WARNING    'w' is an internal variable of group 'syn', but also exists in the run namespace with the value 481. The internal variable will be used. [brian2.groups.group.Group.resolve.resolution_conflict]
WARNING    'w' is an internal variable of group 'syn', but also exists in the run namespace with the value 482. The internal variable will be used. [brian2.groups.group.Group.resolve.resolution_conflict]
WARNING    'w' is an internal variable of group 'syn', but also exists in the run namespace with the value 483. The internal variable will be used. [brian2.groups.group.Group.resolve.resolution_conflict]
WARNING    'w' is an internal variable of group 'syn', but also exists in the run namespace with the value 484. The internal variable will be used. [brian2.groups.group.Group.resolve.resolution_conflict]
WARNING    'w' is an internal variable of group 'syn', but also exists in the run namespace with the value 485. The internal variable will be used. [brian2.groups.group.Group.resolve.resolution_conflict]
WARNING    'w' is an internal variable of group 'syn', but also exists in the run namespace with the value 486. The internal variable will be used. [brian2.groups.group.Group.resolve.resolution_conflict]
WARNING    'w' is an internal variable of group 'syn', but also exists in the run namespace with the value 487. The internal variable will be used. [brian2.groups.group.Group.resolve.resolution_conflict]
WARNING    'w' is an internal variable of group 'syn', but also exists in the run namespace with the value 488. The internal variable will be used. [brian2.groups.group.Group.resolve.resolution_conflict]
WARNING    'w' is an internal variable of group 'syn', but also exists in the run namespace with the value 489. The internal variable will be used. [brian2.groups.group.Group.resolve.resolution_conflict]
WARNING    'w' is an internal variable of group 'syn', but also exists in the run namespace with the value 490. The internal variable will be used. [brian2.groups.group.Group.resolve.resolution_conflict]
WARNING    'w' is an internal variable of group 'syn', but also exists in the run namespace with the value 491. The internal variable will be used. [brian2.groups.group.Group.resolve.resolution_conflict]
WARNING    'w' is an internal variable of group 'syn', but also exists in the run namespace with the value 492. The internal variable will be used. [brian2.groups.group.Group.resolve.resolution_conflict]
WARNING    'w' is an internal variable of group 'syn', but also exists in the run namespace with the value 493. The internal variable will be used. [brian2.groups.group.Group.resolve.resolution_conflict]
WARNING    'w' is an internal variable of group 'syn', but also exists in the run namespace with the value 494. The internal variable will be used. [brian2.groups.group.Group.resolve.resolution_conflict]
WARNING    'w' is an internal variable of group 'syn', but also exists in the run namespace with the value 495. The internal variable will be used. [brian2.groups.group.Group.resolve.resolution_conflict]
WARNING    'w' is an internal variable of group 'syn', but also exists in the run namespace with the value 496. The internal variable will be used. [brian2.groups.group.Group.resolve.resolution_conflict]
WARNING    'w' is an internal variable of group 'syn', but also exists in the run namespace with the value 497. The internal variable will be used. [brian2.groups.group.Group.resolve.resolution_conflict]
WARNING    'w' is an internal variable of group 'syn', but also exists in the run namespace with the value 498. The internal variable will be used. [brian2.groups.group.Group.resolve.resolution_conflict]
WARNING    'w' is an internal variable of group 'syn', but also exists in the run namespace with the value 499. The internal variable will be used. [brian2.groups.group.Group.resolve.resolution_conflict]
WARNING    'w' is an internal variable of group 'syn', but also exists in the run namespace with the value 500. The internal variable will be used. [brian2.groups.group.Group.resolve.resolution_conflict]
WARNING    'w' is an internal variable of group 'syn', but also exists in the run namespace with the value 501. The internal variable will be used. [brian2.groups.group.Group.resolve.resolution_conflict]
WARNING    'w' is an internal variable of group 'syn', but also exists in the run namespace with the value 502. The internal variable will be used. [brian2.groups.group.Group.resolve.resolution_conflict]
WARNING    'w' is an internal variable of group 'syn', but also exists in the run namespace with the value 503. The internal variable will be used. [brian2.groups.group.Group.resolve.resolution_conflict]
WARNING    'w' is an internal variable of group 'syn', but also exists in the run namespace with the value 504. The internal variable will be used. [brian2.groups.group.Group.resolve.resolution_conflict]
WARNING    'w' is an internal variable of group 'syn', but also exists in the run namespace with the value 505. The internal variable will be used. [brian2.groups.group.Group.resolve.resolution_conflict]
WARNING    'w' is an internal variable of group 'syn', but also exists in the run namespace with the value 506. The internal variable will be used. [brian2.groups.group.Group.resolve.resolution_conflict]
WARNING    'w' is an internal variable of group 'syn', but also exists in the run namespace with the value 507. The internal variable will be used. [brian2.groups.group.Group.resolve.resolution_conflict]
WARNING    'w' is an internal variable of group 'syn', but also exists in the run namespace with the value 508. The internal variable will be used. [brian2.groups.group.Group.resolve.resolution_conflict]
WARNING    'w' is an internal variable of group 'syn', but also exists in the run namespace with the value 509. The internal variable will be used. [brian2.groups.group.Group.resolve.resolution_conflict]
WARNING    'w' is an internal variable of group 'syn', but also exists in the run namespace with the value 510. The internal variable will be used. [brian2.groups.group.Group.resolve.resolution_conflict]
WARNING    'w' is an internal variable of group 'syn', but also exists in the run namespace with the value 511. The internal variable will be used. [brian2.groups.group.Group.resolve.resolution_conflict]
WARNING    'w' is an internal variable of group 'syn', but also exists in the run namespace with the value 512. The internal variable will be used. [brian2.groups.group.Group.resolve.resolution_conflict]
WARNING    'w' is an internal variable of group 'syn', but also exists in the run namespace with the value 513. The internal variable will be used. [brian2.groups.group.Group.resolve.resolution_conflict]
WARNING    'w' is an internal variable of group 'syn', but also exists in the run namespace with the value 514. The internal variable will be used. [brian2.groups.group.Group.resolve.resolution_conflict]
WARNING    'w' is an internal variable of group 'syn', but also exists in the run namespace with the value 515. The internal variable will be used. [brian2.groups.group.Group.resolve.resolution_conflict]
WARNING    'w' is an internal variable of group 'syn', but also exists in the run namespace with the value 516. The internal variable will be used. [brian2.groups.group.Group.resolve.resolution_conflict]
WARNING    'w' is an internal variable of group 'syn', but also exists in the run namespace with the value 517. The internal variable will be used. [brian2.groups.group.Group.resolve.resolution_conflict]
WARNING    'w' is an internal variable of group 'syn', but also exists in the run namespace with the value 518. The internal variable will be used. [brian2.groups.group.Group.resolve.resolution_conflict]
WARNING    'w' is an internal variable of group 'syn', but also exists in the run namespace with the value 519. The internal variable will be used. [brian2.groups.group.Group.resolve.resolution_conflict]
WARNING    'w' is an internal variable of group 'syn', but also exists in the run namespace with the value 520. The internal variable will be used. [brian2.groups.group.Group.resolve.resolution_conflict]
WARNING    'w' is an internal variable of group 'syn', but also exists in the run namespace with the value 521. The internal variable will be used. [brian2.groups.group.Group.resolve.resolution_conflict]
WARNING    'w' is an internal variable of group 'syn', but also exists in the run namespace with the value 522. The internal variable will be used. [brian2.groups.group.Group.resolve.resolution_conflict]
WARNING    'w' is an internal variable of group 'syn', but also exists in the run namespace with the value 523. The internal variable will be used. [brian2.groups.group.Group.resolve.resolution_conflict]
WARNING    'w' is an internal variable of group 'syn', but also exists in the run namespace with the value 524. The internal variable will be used. [brian2.groups.group.Group.resolve.resolution_conflict]
WARNING    'w' is an internal variable of group 'syn', but also exists in the run namespace with the value 525. The internal variable will be used. [brian2.groups.group.Group.resolve.resolution_conflict]
WARNING    'w' is an internal variable of group 'syn', but also exists in the run namespace with the value 526. The internal variable will be used. [brian2.groups.group.Group.resolve.resolution_conflict]
WARNING    'w' is an internal variable of group 'syn', but also exists in the run namespace with the value 527. The internal variable will be used. [brian2.groups.group.Group.resolve.resolution_conflict]
WARNING    'w' is an internal variable of group 'syn', but also exists in the run namespace with the value 528. The internal variable will be used. [brian2.groups.group.Group.resolve.resolution_conflict]
WARNING    'w' is an internal variable of group 'syn', but also exists in the run namespace with the value 529. The internal variable will be used. [brian2.groups.group.Group.resolve.resolution_conflict]
WARNING    'w' is an internal variable of group 'syn', but also exists in the run namespace with the value 530. The internal variable will be used. [brian2.groups.group.Group.resolve.resolution_conflict]
WARNING    'w' is an internal variable of group 'syn', but also exists in the run namespace with the value 531. The internal variable will be used. [brian2.groups.group.Group.resolve.resolution_conflict]
WARNING    'w' is an internal variable of group 'syn', but also exists in the run namespace with the value 532. The internal variable will be used. [brian2.groups.group.Group.resolve.resolution_conflict]
WARNING    'w' is an internal variable of group 'syn', but also exists in the run namespace with the value 533. The internal variable will be used. [brian2.groups.group.Group.resolve.resolution_conflict]
WARNING    'w' is an internal variable of group 'syn', but also exists in the run namespace with the value 534. The internal variable will be used. [brian2.groups.group.Group.resolve.resolution_conflict]
WARNING    'w' is an internal variable of group 'syn', but also exists in the run namespace with the value 535. The internal variable will be used. [brian2.groups.group.Group.resolve.resolution_conflict]
WARNING    'w' is an internal variable of group 'syn', but also exists in the run namespace with the value 536. The internal variable will be used. [brian2.groups.group.Group.resolve.resolution_conflict]
WARNING    'w' is an internal variable of group 'syn', but also exists in the run namespace with the value 537. The internal variable will be used. [brian2.groups.group.Group.resolve.resolution_conflict]
WARNING    'w' is an internal variable of group 'syn', but also exists in the run namespace with the value 538. The internal variable will be used. [brian2.groups.group.Group.resolve.resolution_conflict]
WARNING    'w' is an internal variable of group 'syn', but also exists in the run namespace with the value 539. The internal variable will be used. [brian2.groups.group.Group.resolve.resolution_conflict]
WARNING    'w' is an internal variable of group 'syn', but also exists in the run namespace with the value 540. The internal variable will be used. [brian2.groups.group.Group.resolve.resolution_conflict]
WARNING    'w' is an internal variable of group 'syn', but also exists in the run namespace with the value 541. The internal variable will be used. [brian2.groups.group.Group.resolve.resolution_conflict]
WARNING    'w' is an internal variable of group 'syn', but also exists in the run namespace with the value 542. The internal variable will be used. [brian2.groups.group.Group.resolve.resolution_conflict]
WARNING    'w' is an internal variable of group 'syn', but also exists in the run namespace with the value 543. The internal variable will be used. [brian2.groups.group.Group.resolve.resolution_conflict]
WARNING    'w' is an internal variable of group 'syn', but also exists in the run namespace with the value 544. The internal variable will be used. [brian2.groups.group.Group.resolve.resolution_conflict]
WARNING    'w' is an internal variable of group 'syn', but also exists in the run namespace with the value 545. The internal variable will be used. [brian2.groups.group.Group.resolve.resolution_conflict]
WARNING    'w' is an internal variable of group 'syn', but also exists in the run namespace with the value 546. The internal variable will be used. [brian2.groups.group.Group.resolve.resolution_conflict]
WARNING    'w' is an internal variable of group 'syn', but also exists in the run namespace with the value 547. The internal variable will be used. [brian2.groups.group.Group.resolve.resolution_conflict]
WARNING    'w' is an internal variable of group 'syn', but also exists in the run namespace with the value 548. The internal variable will be used. [brian2.groups.group.Group.resolve.resolution_conflict]
WARNING    'w' is an internal variable of group 'syn', but also exists in the run namespace with the value 549. The internal variable will be used. [brian2.groups.group.Group.resolve.resolution_conflict]
WARNING    'w' is an internal variable of group 'syn', but also exists in the run namespace with the value 550. The internal variable will be used. [brian2.groups.group.Group.resolve.resolution_conflict]
WARNING    'w' is an internal variable of group 'syn', but also exists in the run namespace with the value 551. The internal variable will be used. [brian2.groups.group.Group.resolve.resolution_conflict]
WARNING    'w' is an internal variable of group 'syn', but also exists in the run namespace with the value 552. The internal variable will be used. [brian2.groups.group.Group.resolve.resolution_conflict]
WARNING    'w' is an internal variable of group 'syn', but also exists in the run namespace with the value 553. The internal variable will be used. [brian2.groups.group.Group.resolve.resolution_conflict]
WARNING    'w' is an internal variable of group 'syn', but also exists in the run namespace with the value 554. The internal variable will be used. [brian2.groups.group.Group.resolve.resolution_conflict]
WARNING    'w' is an internal variable of group 'syn', but also exists in the run namespace with the value 555. The internal variable will be used. [brian2.groups.group.Group.resolve.resolution_conflict]
WARNING    'w' is an internal variable of group 'syn', but also exists in the run namespace with the value 556. The internal variable will be used. [brian2.groups.group.Group.resolve.resolution_conflict]
WARNING    'w' is an internal variable of group 'syn', but also exists in the run namespace with the value 557. The internal variable will be used. [brian2.groups.group.Group.resolve.resolution_conflict]
WARNING    'w' is an internal variable of group 'syn', but also exists in the run namespace with the value 558. The internal variable will be used. [brian2.groups.group.Group.resolve.resolution_conflict]
WARNING    'w' is an internal variable of group 'syn', but also exists in the run namespace with the value 559. The internal variable will be used. [brian2.groups.group.Group.resolve.resolution_conflict]
WARNING    'w' is an internal variable of group 'syn', but also exists in the run namespace with the value 560. The internal variable will be used. [brian2.groups.group.Group.resolve.resolution_conflict]
WARNING    'w' is an internal variable of group 'syn', but also exists in the run namespace with the value 561. The internal variable will be used. [brian2.groups.group.Group.resolve.resolution_conflict]
WARNING    'w' is an internal variable of group 'syn', but also exists in the run namespace with the value 562. The internal variable will be used. [brian2.groups.group.Group.resolve.resolution_conflict]
WARNING    'w' is an internal variable of group 'syn', but also exists in the run namespace with the value 563. The internal variable will be used. [brian2.groups.group.Group.resolve.resolution_conflict]
WARNING    'w' is an internal variable of group 'syn', but also exists in the run namespace with the value 564. The internal variable will be used. [brian2.groups.group.Group.resolve.resolution_conflict]
WARNING    'w' is an internal variable of group 'syn', but also exists in the run namespace with the value 565. The internal variable will be used. [brian2.groups.group.Group.resolve.resolution_conflict]
WARNING    'w' is an internal variable of group 'syn', but also exists in the run namespace with the value 566. The internal variable will be used. [brian2.groups.group.Group.resolve.resolution_conflict]
WARNING    'w' is an internal variable of group 'syn', but also exists in the run namespace with the value 567. The internal variable will be used. [brian2.groups.group.Group.resolve.resolution_conflict]
WARNING    'w' is an internal variable of group 'syn', but also exists in the run namespace with the value 568. The internal variable will be used. [brian2.groups.group.Group.resolve.resolution_conflict]
WARNING    'w' is an internal variable of group 'syn', but also exists in the run namespace with the value 569. The internal variable will be used. [brian2.groups.group.Group.resolve.resolution_conflict]
WARNING    'w' is an internal variable of group 'syn', but also exists in the run namespace with the value 570. The internal variable will be used. [brian2.groups.group.Group.resolve.resolution_conflict]
WARNING    'w' is an internal variable of group 'syn', but also exists in the run namespace with the value 571. The internal variable will be used. [brian2.groups.group.Group.resolve.resolution_conflict]
WARNING    'w' is an internal variable of group 'syn', but also exists in the run namespace with the value 572. The internal variable will be used. [brian2.groups.group.Group.resolve.resolution_conflict]
WARNING    'w' is an internal variable of group 'syn', but also exists in the run namespace with the value 573. The internal variable will be used. [brian2.groups.group.Group.resolve.resolution_conflict]
WARNING    'w' is an internal variable of group 'syn', but also exists in the run namespace with the value 574. The internal variable will be used. [brian2.groups.group.Group.resolve.resolution_conflict]
WARNING    'w' is an internal variable of group 'syn', but also exists in the run namespace with the value 575. The internal variable will be used. [brian2.groups.group.Group.resolve.resolution_conflict]
WARNING    'w' is an internal variable of group 'syn', but also exists in the run namespace with the value 576. The internal variable will be used. [brian2.groups.group.Group.resolve.resolution_conflict]
WARNING    'w' is an internal variable of group 'syn', but also exists in the run namespace with the value 577. The internal variable will be used. [brian2.groups.group.Group.resolve.resolution_conflict]
WARNING    'w' is an internal variable of group 'syn', but also exists in the run namespace with the value 578. The internal variable will be used. [brian2.groups.group.Group.resolve.resolution_conflict]
WARNING    'w' is an internal variable of group 'syn', but also exists in the run namespace with the value 579. The internal variable will be used. [brian2.groups.group.Group.resolve.resolution_conflict]
WARNING    'w' is an internal variable of group 'syn', but also exists in the run namespace with the value 580. The internal variable will be used. [brian2.groups.group.Group.resolve.resolution_conflict]
WARNING    'w' is an internal variable of group 'syn', but also exists in the run namespace with the value 581. The internal variable will be used. [brian2.groups.group.Group.resolve.resolution_conflict]
WARNING    'w' is an internal variable of group 'syn', but also exists in the run namespace with the value 582. The internal variable will be used. [brian2.groups.group.Group.resolve.resolution_conflict]
WARNING    'w' is an internal variable of group 'syn', but also exists in the run namespace with the value 583. The internal variable will be used. [brian2.groups.group.Group.resolve.resolution_conflict]
WARNING    'w' is an internal variable of group 'syn', but also exists in the run namespace with the value 584. The internal variable will be used. [brian2.groups.group.Group.resolve.resolution_conflict]
WARNING    'w' is an internal variable of group 'syn', but also exists in the run namespace with the value 585. The internal variable will be used. [brian2.groups.group.Group.resolve.resolution_conflict]
WARNING    'w' is an internal variable of group 'syn', but also exists in the run namespace with the value 586. The internal variable will be used. [brian2.groups.group.Group.resolve.resolution_conflict]
WARNING    'w' is an internal variable of group 'syn', but also exists in the run namespace with the value 587. The internal variable will be used. [brian2.groups.group.Group.resolve.resolution_conflict]
WARNING    'w' is an internal variable of group 'syn', but also exists in the run namespace with the value 588. The internal variable will be used. [brian2.groups.group.Group.resolve.resolution_conflict]
WARNING    'w' is an internal variable of group 'syn', but also exists in the run namespace with the value 589. The internal variable will be used. [brian2.groups.group.Group.resolve.resolution_conflict]
WARNING    'w' is an internal variable of group 'syn', but also exists in the run namespace with the value 590. The internal variable will be used. [brian2.groups.group.Group.resolve.resolution_conflict]
WARNING    'w' is an internal variable of group 'syn', but also exists in the run namespace with the value 591. The internal variable will be used. [brian2.groups.group.Group.resolve.resolution_conflict]
WARNING    'w' is an internal variable of group 'syn', but also exists in the run namespace with the value 592. The internal variable will be used. [brian2.groups.group.Group.resolve.resolution_conflict]
WARNING    'w' is an internal variable of group 'syn', but also exists in the run namespace with the value 593. The internal variable will be used. [brian2.groups.group.Group.resolve.resolution_conflict]
WARNING    'w' is an internal variable of group 'syn', but also exists in the run namespace with the value 594. The internal variable will be used. [brian2.groups.group.Group.resolve.resolution_conflict]
WARNING    'w' is an internal variable of group 'syn', but also exists in the run namespace with the value 595. The internal variable will be used. [brian2.groups.group.Group.resolve.resolution_conflict]
WARNING    'w' is an internal variable of group 'syn', but also exists in the run namespace with the value 596. The internal variable will be used. [brian2.groups.group.Group.resolve.resolution_conflict]
WARNING    'w' is an internal variable of group 'syn', but also exists in the run namespace with the value 597. The internal variable will be used. [brian2.groups.group.Group.resolve.resolution_conflict]
WARNING    'w' is an internal variable of group 'syn', but also exists in the run namespace with the value 598. The internal variable will be used. [brian2.groups.group.Group.resolve.resolution_conflict]
WARNING    'w' is an internal variable of group 'syn', but also exists in the run namespace with the value 599. The internal variable will be used. [brian2.groups.group.Group.resolve.resolution_conflict]
WARNING    'w' is an internal variable of group 'syn', but also exists in the run namespace with the value 600. The internal variable will be used. [brian2.groups.group.Group.resolve.resolution_conflict]
WARNING    'w' is an internal variable of group 'syn', but also exists in the run namespace with the value 601. The internal variable will be used. [brian2.groups.group.Group.resolve.resolution_conflict]
WARNING    'w' is an internal variable of group 'syn', but also exists in the run namespace with the value 602. The internal variable will be used. [brian2.groups.group.Group.resolve.resolution_conflict]
WARNING    'w' is an internal variable of group 'syn', but also exists in the run namespace with the value 603. The internal variable will be used. [brian2.groups.group.Group.resolve.resolution_conflict]
WARNING    'w' is an internal variable of group 'syn', but also exists in the run namespace with the value 604. The internal variable will be used. [brian2.groups.group.Group.resolve.resolution_conflict]
WARNING    'w' is an internal variable of group 'syn', but also exists in the run namespace with the value 605. The internal variable will be used. [brian2.groups.group.Group.resolve.resolution_conflict]
WARNING    'w' is an internal variable of group 'syn', but also exists in the run namespace with the value 606. The internal variable will be used. [brian2.groups.group.Group.resolve.resolution_conflict]
WARNING    'w' is an internal variable of group 'syn', but also exists in the run namespace with the value 607. The internal variable will be used. [brian2.groups.group.Group.resolve.resolution_conflict]
WARNING    'w' is an internal variable of group 'syn', but also exists in the run namespace with the value 608. The internal variable will be used. [brian2.groups.group.Group.resolve.resolution_conflict]
WARNING    'w' is an internal variable of group 'syn', but also exists in the run namespace with the value 609. The internal variable will be used. [brian2.groups.group.Group.resolve.resolution_conflict]
WARNING    'w' is an internal variable of group 'syn', but also exists in the run namespace with the value 610. The internal variable will be used. [brian2.groups.group.Group.resolve.resolution_conflict]
WARNING    'w' is an internal variable of group 'syn', but also exists in the run namespace with the value 611. The internal variable will be used. [brian2.groups.group.Group.resolve.resolution_conflict]
WARNING    'w' is an internal variable of group 'syn', but also exists in the run namespace with the value 612. The internal variable will be used. [brian2.groups.group.Group.resolve.resolution_conflict]
WARNING    'w' is an internal variable of group 'syn', but also exists in the run namespace with the value 613. The internal variable will be used. [brian2.groups.group.Group.resolve.resolution_conflict]
WARNING    'w' is an internal variable of group 'syn', but also exists in the run namespace with the value 614. The internal variable will be used. [brian2.groups.group.Group.resolve.resolution_conflict]
WARNING    'w' is an internal variable of group 'syn', but also exists in the run namespace with the value 615. The internal variable will be used. [brian2.groups.group.Group.resolve.resolution_conflict]
WARNING    'w' is an internal variable of group 'syn', but also exists in the run namespace with the value 616. The internal variable will be used. [brian2.groups.group.Group.resolve.resolution_conflict]
WARNING    'w' is an internal variable of group 'syn', but also exists in the run namespace with the value 617. The internal variable will be used. [brian2.groups.group.Group.resolve.resolution_conflict]
WARNING    'w' is an internal variable of group 'syn', but also exists in the run namespace with the value 618. The internal variable will be used. [brian2.groups.group.Group.resolve.resolution_conflict]
WARNING    'w' is an internal variable of group 'syn', but also exists in the run namespace with the value 619. The internal variable will be used. [brian2.groups.group.Group.resolve.resolution_conflict]
WARNING    'w' is an internal variable of group 'syn', but also exists in the run namespace with the value 620. The internal variable will be used. [brian2.groups.group.Group.resolve.resolution_conflict]
WARNING    'w' is an internal variable of group 'syn', but also exists in the run namespace with the value 621. The internal variable will be used. [brian2.groups.group.Group.resolve.resolution_conflict]
WARNING    'w' is an internal variable of group 'syn', but also exists in the run namespace with the value 622. The internal variable will be used. [brian2.groups.group.Group.resolve.resolution_conflict]
WARNING    'w' is an internal variable of group 'syn', but also exists in the run namespace with the value 623. The internal variable will be used. [brian2.groups.group.Group.resolve.resolution_conflict]
WARNING    'w' is an internal variable of group 'syn', but also exists in the run namespace with the value 624. The internal variable will be used. [brian2.groups.group.Group.resolve.resolution_conflict]
WARNING    'w' is an internal variable of group 'syn', but also exists in the run namespace with the value 625. The internal variable will be used. [brian2.groups.group.Group.resolve.resolution_conflict]
WARNING    'w' is an internal variable of group 'syn', but also exists in the run namespace with the value 626. The internal variable will be used. [brian2.groups.group.Group.resolve.resolution_conflict]
WARNING    'w' is an internal variable of group 'syn', but also exists in the run namespace with the value 627. The internal variable will be used. [brian2.groups.group.Group.resolve.resolution_conflict]
WARNING    'w' is an internal variable of group 'syn', but also exists in the run namespace with the value 628. The internal variable will be used. [brian2.groups.group.Group.resolve.resolution_conflict]
WARNING    'w' is an internal variable of group 'syn', but also exists in the run namespace with the value 629. The internal variable will be used. [brian2.groups.group.Group.resolve.resolution_conflict]
WARNING    'w' is an internal variable of group 'syn', but also exists in the run namespace with the value 630. The internal variable will be used. [brian2.groups.group.Group.resolve.resolution_conflict]
WARNING    'w' is an internal variable of group 'syn', but also exists in the run namespace with the value 631. The internal variable will be used. [brian2.groups.group.Group.resolve.resolution_conflict]
WARNING    'w' is an internal variable of group 'syn', but also exists in the run namespace with the value 632. The internal variable will be used. [brian2.groups.group.Group.resolve.resolution_conflict]
WARNING    'w' is an internal variable of group 'syn', but also exists in the run namespace with the value 633. The internal variable will be used. [brian2.groups.group.Group.resolve.resolution_conflict]
WARNING    'w' is an internal variable of group 'syn', but also exists in the run namespace with the value 634. The internal variable will be used. [brian2.groups.group.Group.resolve.resolution_conflict]
WARNING    'w' is an internal variable of group 'syn', but also exists in the run namespace with the value 635. The internal variable will be used. [brian2.groups.group.Group.resolve.resolution_conflict]
WARNING    'w' is an internal variable of group 'syn', but also exists in the run namespace with the value 636. The internal variable will be used. [brian2.groups.group.Group.resolve.resolution_conflict]
WARNING    'w' is an internal variable of group 'syn', but also exists in the run namespace with the value 637. The internal variable will be used. [brian2.groups.group.Group.resolve.resolution_conflict]
WARNING    'w' is an internal variable of group 'syn', but also exists in the run namespace with the value 638. The internal variable will be used. [brian2.groups.group.Group.resolve.resolution_conflict]
WARNING    'w' is an internal variable of group 'syn', but also exists in the run namespace with the value 639. The internal variable will be used. [brian2.groups.group.Group.resolve.resolution_conflict]
WARNING    'w' is an internal variable of group 'syn', but also exists in the run namespace with the value 640. The internal variable will be used. [brian2.groups.group.Group.resolve.resolution_conflict]
WARNING    'w' is an internal variable of group 'syn', but also exists in the run namespace with the value 641. The internal variable will be used. [brian2.groups.group.Group.resolve.resolution_conflict]
WARNING    'w' is an internal variable of group 'syn', but also exists in the run namespace with the value 642. The internal variable will be used. [brian2.groups.group.Group.resolve.resolution_conflict]
WARNING    'w' is an internal variable of group 'syn', but also exists in the run namespace with the value 643. The internal variable will be used. [brian2.groups.group.Group.resolve.resolution_conflict]
WARNING    'w' is an internal variable of group 'syn', but also exists in the run namespace with the value 644. The internal variable will be used. [brian2.groups.group.Group.resolve.resolution_conflict]
WARNING    'w' is an internal variable of group 'syn', but also exists in the run namespace with the value 645. The internal variable will be used. [brian2.groups.group.Group.resolve.resolution_conflict]
WARNING    'w' is an internal variable of group 'syn', but also exists in the run namespace with the value 646. The internal variable will be used. [brian2.groups.group.Group.resolve.resolution_conflict]
WARNING    'w' is an internal variable of group 'syn', but also exists in the run namespace with the value 647. The internal variable will be used. [brian2.groups.group.Group.resolve.resolution_conflict]
WARNING    'w' is an internal variable of group 'syn', but also exists in the run namespace with the value 648. The internal variable will be used. [brian2.groups.group.Group.resolve.resolution_conflict]
WARNING    'w' is an internal variable of group 'syn', but also exists in the run namespace with the value 649. The internal variable will be used. [brian2.groups.group.Group.resolve.resolution_conflict]
WARNING    'w' is an internal variable of group 'syn', but also exists in the run namespace with the value 650. The internal variable will be used. [brian2.groups.group.Group.resolve.resolution_conflict]
WARNING    'w' is an internal variable of group 'syn', but also exists in the run namespace with the value 651. The internal variable will be used. [brian2.groups.group.Group.resolve.resolution_conflict]
WARNING    'w' is an internal variable of group 'syn', but also exists in the run namespace with the value 652. The internal variable will be used. [brian2.groups.group.Group.resolve.resolution_conflict]
WARNING    'w' is an internal variable of group 'syn', but also exists in the run namespace with the value 653. The internal variable will be used. [brian2.groups.group.Group.resolve.resolution_conflict]
WARNING    'w' is an internal variable of group 'syn', but also exists in the run namespace with the value 654. The internal variable will be used. [brian2.groups.group.Group.resolve.resolution_conflict]
WARNING    'w' is an internal variable of group 'syn', but also exists in the run namespace with the value 655. The internal variable will be used. [brian2.groups.group.Group.resolve.resolution_conflict]
WARNING    'w' is an internal variable of group 'syn', but also exists in the run namespace with the value 656. The internal variable will be used. [brian2.groups.group.Group.resolve.resolution_conflict]
WARNING    'w' is an internal variable of group 'syn', but also exists in the run namespace with the value 657. The internal variable will be used. [brian2.groups.group.Group.resolve.resolution_conflict]
WARNING    'w' is an internal variable of group 'syn', but also exists in the run namespace with the value 658. The internal variable will be used. [brian2.groups.group.Group.resolve.resolution_conflict]
WARNING    'w' is an internal variable of group 'syn', but also exists in the run namespace with the value 659. The internal variable will be used. [brian2.groups.group.Group.resolve.resolution_conflict]
WARNING    'w' is an internal variable of group 'syn', but also exists in the run namespace with the value 660. The internal variable will be used. [brian2.groups.group.Group.resolve.resolution_conflict]
WARNING    'w' is an internal variable of group 'syn', but also exists in the run namespace with the value 661. The internal variable will be used. [brian2.groups.group.Group.resolve.resolution_conflict]
WARNING    'w' is an internal variable of group 'syn', but also exists in the run namespace with the value 662. The internal variable will be used. [brian2.groups.group.Group.resolve.resolution_conflict]
WARNING    'w' is an internal variable of group 'syn', but also exists in the run namespace with the value 663. The internal variable will be used. [brian2.groups.group.Group.resolve.resolution_conflict]
WARNING    'w' is an internal variable of group 'syn', but also exists in the run namespace with the value 664. The internal variable will be used. [brian2.groups.group.Group.resolve.resolution_conflict]
WARNING    'w' is an internal variable of group 'syn', but also exists in the run namespace with the value 665. The internal variable will be used. [brian2.groups.group.Group.resolve.resolution_conflict]
WARNING    'w' is an internal variable of group 'syn', but also exists in the run namespace with the value 666. The internal variable will be used. [brian2.groups.group.Group.resolve.resolution_conflict]
WARNING    'w' is an internal variable of group 'syn', but also exists in the run namespace with the value 667. The internal variable will be used. [brian2.groups.group.Group.resolve.resolution_conflict]
WARNING    'w' is an internal variable of group 'syn', but also exists in the run namespace with the value 668. The internal variable will be used. [brian2.groups.group.Group.resolve.resolution_conflict]
WARNING    'w' is an internal variable of group 'syn', but also exists in the run namespace with the value 669. The internal variable will be used. [brian2.groups.group.Group.resolve.resolution_conflict]
WARNING    'w' is an internal variable of group 'syn', but also exists in the run namespace with the value 670. The internal variable will be used. [brian2.groups.group.Group.resolve.resolution_conflict]
WARNING    'w' is an internal variable of group 'syn', but also exists in the run namespace with the value 671. The internal variable will be used. [brian2.groups.group.Group.resolve.resolution_conflict]
WARNING    'w' is an internal variable of group 'syn', but also exists in the run namespace with the value 672. The internal variable will be used. [brian2.groups.group.Group.resolve.resolution_conflict]
WARNING    'w' is an internal variable of group 'syn', but also exists in the run namespace with the value 673. The internal variable will be used. [brian2.groups.group.Group.resolve.resolution_conflict]
WARNING    'w' is an internal variable of group 'syn', but also exists in the run namespace with the value 674. The internal variable will be used. [brian2.groups.group.Group.resolve.resolution_conflict]
WARNING    'w' is an internal variable of group 'syn', but also exists in the run namespace with the value 675. The internal variable will be used. [brian2.groups.group.Group.resolve.resolution_conflict]
WARNING    'w' is an internal variable of group 'syn', but also exists in the run namespace with the value 676. The internal variable will be used. [brian2.groups.group.Group.resolve.resolution_conflict]
WARNING    'w' is an internal variable of group 'syn', but also exists in the run namespace with the value 677. The internal variable will be used. [brian2.groups.group.Group.resolve.resolution_conflict]
WARNING    'w' is an internal variable of group 'syn', but also exists in the run namespace with the value 678. The internal variable will be used. [brian2.groups.group.Group.resolve.resolution_conflict]
WARNING    'w' is an internal variable of group 'syn', but also exists in the run namespace with the value 679. The internal variable will be used. [brian2.groups.group.Group.resolve.resolution_conflict]
WARNING    'w' is an internal variable of group 'syn', but also exists in the run namespace with the value 680. The internal variable will be used. [brian2.groups.group.Group.resolve.resolution_conflict]
WARNING    'w' is an internal variable of group 'syn', but also exists in the run namespace with the value 681. The internal variable will be used. [brian2.groups.group.Group.resolve.resolution_conflict]
WARNING    'w' is an internal variable of group 'syn', but also exists in the run namespace with the value 682. The internal variable will be used. [brian2.groups.group.Group.resolve.resolution_conflict]
WARNING    'w' is an internal variable of group 'syn', but also exists in the run namespace with the value 683. The internal variable will be used. [brian2.groups.group.Group.resolve.resolution_conflict]
WARNING    'w' is an internal variable of group 'syn', but also exists in the run namespace with the value 684. The internal variable will be used. [brian2.groups.group.Group.resolve.resolution_conflict]
WARNING    'w' is an internal variable of group 'syn', but also exists in the run namespace with the value 685. The internal variable will be used. [brian2.groups.group.Group.resolve.resolution_conflict]
WARNING    'w' is an internal variable of group 'syn', but also exists in the run namespace with the value 686. The internal variable will be used. [brian2.groups.group.Group.resolve.resolution_conflict]
WARNING    'w' is an internal variable of group 'syn', but also exists in the run namespace with the value 687. The internal variable will be used. [brian2.groups.group.Group.resolve.resolution_conflict]
WARNING    'w' is an internal variable of group 'syn', but also exists in the run namespace with the value 688. The internal variable will be used. [brian2.groups.group.Group.resolve.resolution_conflict]
WARNING    'w' is an internal variable of group 'syn', but also exists in the run namespace with the value 689. The internal variable will be used. [brian2.groups.group.Group.resolve.resolution_conflict]
WARNING    'w' is an internal variable of group 'syn', but also exists in the run namespace with the value 690. The internal variable will be used. [brian2.groups.group.Group.resolve.resolution_conflict]
WARNING    'w' is an internal variable of group 'syn', but also exists in the run namespace with the value 691. The internal variable will be used. [brian2.groups.group.Group.resolve.resolution_conflict]
WARNING    'w' is an internal variable of group 'syn', but also exists in the run namespace with the value 692. The internal variable will be used. [brian2.groups.group.Group.resolve.resolution_conflict]
WARNING    'w' is an internal variable of group 'syn', but also exists in the run namespace with the value 693. The internal variable will be used. [brian2.groups.group.Group.resolve.resolution_conflict]
WARNING    'w' is an internal variable of group 'syn', but also exists in the run namespace with the value 694. The internal variable will be used. [brian2.groups.group.Group.resolve.resolution_conflict]
WARNING    'w' is an internal variable of group 'syn', but also exists in the run namespace with the value 695. The internal variable will be used. [brian2.groups.group.Group.resolve.resolution_conflict]
WARNING    'w' is an internal variable of group 'syn', but also exists in the run namespace with the value 696. The internal variable will be used. [brian2.groups.group.Group.resolve.resolution_conflict]
WARNING    'w' is an internal variable of group 'syn', but also exists in the run namespace with the value 697. The internal variable will be used. [brian2.groups.group.Group.resolve.resolution_conflict]
WARNING    'w' is an internal variable of group 'syn', but also exists in the run namespace with the value 698. The internal variable will be used. [brian2.groups.group.Group.resolve.resolution_conflict]
WARNING    'w' is an internal variable of group 'syn', but also exists in the run namespace with the value 699. The internal variable will be used. [brian2.groups.group.Group.resolve.resolution_conflict]
WARNING    'w' is an internal variable of group 'syn', but also exists in the run namespace with the value 700. The internal variable will be used. [brian2.groups.group.Group.resolve.resolution_conflict]
WARNING    'w' is an internal variable of group 'syn', but also exists in the run namespace with the value 701. The internal variable will be used. [brian2.groups.group.Group.resolve.resolution_conflict]
WARNING    'w' is an internal variable of group 'syn', but also exists in the run namespace with the value 702. The internal variable will be used. [brian2.groups.group.Group.resolve.resolution_conflict]
WARNING    'w' is an internal variable of group 'syn', but also exists in the run namespace with the value 703. The internal variable will be used. [brian2.groups.group.Group.resolve.resolution_conflict]
WARNING    'w' is an internal variable of group 'syn', but also exists in the run namespace with the value 704. The internal variable will be used. [brian2.groups.group.Group.resolve.resolution_conflict]
WARNING    'w' is an internal variable of group 'syn', but also exists in the run namespace with the value 705. The internal variable will be used. [brian2.groups.group.Group.resolve.resolution_conflict]
WARNING    'w' is an internal variable of group 'syn', but also exists in the run namespace with the value 706. The internal variable will be used. [brian2.groups.group.Group.resolve.resolution_conflict]
WARNING    'w' is an internal variable of group 'syn', but also exists in the run namespace with the value 707. The internal variable will be used. [brian2.groups.group.Group.resolve.resolution_conflict]
WARNING    'w' is an internal variable of group 'syn', but also exists in the run namespace with the value 708. The internal variable will be used. [brian2.groups.group.Group.resolve.resolution_conflict]
WARNING    'w' is an internal variable of group 'syn', but also exists in the run namespace with the value 709. The internal variable will be used. [brian2.groups.group.Group.resolve.resolution_conflict]
WARNING    'w' is an internal variable of group 'syn', but also exists in the run namespace with the value 710. The internal variable will be used. [brian2.groups.group.Group.resolve.resolution_conflict]
WARNING    'w' is an internal variable of group 'syn', but also exists in the run namespace with the value 711. The internal variable will be used. [brian2.groups.group.Group.resolve.resolution_conflict]
WARNING    'w' is an internal variable of group 'syn', but also exists in the run namespace with the value 712. The internal variable will be used. [brian2.groups.group.Group.resolve.resolution_conflict]
WARNING    'w' is an internal variable of group 'syn', but also exists in the run namespace with the value 713. The internal variable will be used. [brian2.groups.group.Group.resolve.resolution_conflict]
WARNING    'w' is an internal variable of group 'syn', but also exists in the run namespace with the value 714. The internal variable will be used. [brian2.groups.group.Group.resolve.resolution_conflict]
WARNING    'w' is an internal variable of group 'syn', but also exists in the run namespace with the value 715. The internal variable will be used. [brian2.groups.group.Group.resolve.resolution_conflict]
WARNING    'w' is an internal variable of group 'syn', but also exists in the run namespace with the value 716. The internal variable will be used. [brian2.groups.group.Group.resolve.resolution_conflict]
WARNING    'w' is an internal variable of group 'syn', but also exists in the run namespace with the value 717. The internal variable will be used. [brian2.groups.group.Group.resolve.resolution_conflict]
WARNING    'w' is an internal variable of group 'syn', but also exists in the run namespace with the value 718. The internal variable will be used. [brian2.groups.group.Group.resolve.resolution_conflict]
WARNING    'w' is an internal variable of group 'syn', but also exists in the run namespace with the value 719. The internal variable will be used. [brian2.groups.group.Group.resolve.resolution_conflict]
WARNING    'w' is an internal variable of group 'syn', but also exists in the run namespace with the value 720. The internal variable will be used. [brian2.groups.group.Group.resolve.resolution_conflict]
WARNING    'w' is an internal variable of group 'syn', but also exists in the run namespace with the value 721. The internal variable will be used. [brian2.groups.group.Group.resolve.resolution_conflict]
WARNING    'w' is an internal variable of group 'syn', but also exists in the run namespace with the value 722. The internal variable will be used. [brian2.groups.group.Group.resolve.resolution_conflict]
WARNING    'w' is an internal variable of group 'syn', but also exists in the run namespace with the value 723. The internal variable will be used. [brian2.groups.group.Group.resolve.resolution_conflict]
WARNING    'w' is an internal variable of group 'syn', but also exists in the run namespace with the value 724. The internal variable will be used. [brian2.groups.group.Group.resolve.resolution_conflict]
WARNING    'w' is an internal variable of group 'syn', but also exists in the run namespace with the value 725. The internal variable will be used. [brian2.groups.group.Group.resolve.resolution_conflict]
WARNING    'w' is an internal variable of group 'syn', but also exists in the run namespace with the value 726. The internal variable will be used. [brian2.groups.group.Group.resolve.resolution_conflict]
WARNING    'w' is an internal variable of group 'syn', but also exists in the run namespace with the value 727. The internal variable will be used. [brian2.groups.group.Group.resolve.resolution_conflict]
WARNING    'w' is an internal variable of group 'syn', but also exists in the run namespace with the value 728. The internal variable will be used. [brian2.groups.group.Group.resolve.resolution_conflict]
WARNING    'w' is an internal variable of group 'syn', but also exists in the run namespace with the value 729. The internal variable will be used. [brian2.groups.group.Group.resolve.resolution_conflict]
WARNING    'w' is an internal variable of group 'syn', but also exists in the run namespace with the value 730. The internal variable will be used. [brian2.groups.group.Group.resolve.resolution_conflict]
WARNING    'w' is an internal variable of group 'syn', but also exists in the run namespace with the value 731. The internal variable will be used. [brian2.groups.group.Group.resolve.resolution_conflict]
WARNING    'w' is an internal variable of group 'syn', but also exists in the run namespace with the value 732. The internal variable will be used. [brian2.groups.group.Group.resolve.resolution_conflict]
WARNING    'w' is an internal variable of group 'syn', but also exists in the run namespace with the value 733. The internal variable will be used. [brian2.groups.group.Group.resolve.resolution_conflict]
WARNING    'w' is an internal variable of group 'syn', but also exists in the run namespace with the value 734. The internal variable will be used. [brian2.groups.group.Group.resolve.resolution_conflict]
WARNING    'w' is an internal variable of group 'syn', but also exists in the run namespace with the value 735. The internal variable will be used. [brian2.groups.group.Group.resolve.resolution_conflict]
WARNING    'w' is an internal variable of group 'syn', but also exists in the run namespace with the value 736. The internal variable will be used. [brian2.groups.group.Group.resolve.resolution_conflict]
WARNING    'w' is an internal variable of group 'syn', but also exists in the run namespace with the value 737. The internal variable will be used. [brian2.groups.group.Group.resolve.resolution_conflict]
WARNING    'w' is an internal variable of group 'syn', but also exists in the run namespace with the value 738. The internal variable will be used. [brian2.groups.group.Group.resolve.resolution_conflict]
WARNING    'w' is an internal variable of group 'syn', but also exists in the run namespace with the value 739. The internal variable will be used. [brian2.groups.group.Group.resolve.resolution_conflict]
WARNING    'w' is an internal variable of group 'syn', but also exists in the run namespace with the value 740. The internal variable will be used. [brian2.groups.group.Group.resolve.resolution_conflict]
WARNING    'w' is an internal variable of group 'syn', but also exists in the run namespace with the value 741. The internal variable will be used. [brian2.groups.group.Group.resolve.resolution_conflict]
WARNING    'w' is an internal variable of group 'syn', but also exists in the run namespace with the value 742. The internal variable will be used. [brian2.groups.group.Group.resolve.resolution_conflict]
WARNING    'w' is an internal variable of group 'syn', but also exists in the run namespace with the value 743. The internal variable will be used. [brian2.groups.group.Group.resolve.resolution_conflict]
WARNING    'w' is an internal variable of group 'syn', but also exists in the run namespace with the value 744. The internal variable will be used. [brian2.groups.group.Group.resolve.resolution_conflict]
WARNING    'w' is an internal variable of group 'syn', but also exists in the run namespace with the value 745. The internal variable will be used. [brian2.groups.group.Group.resolve.resolution_conflict]
WARNING    'w' is an internal variable of group 'syn', but also exists in the run namespace with the value 746. The internal variable will be used. [brian2.groups.group.Group.resolve.resolution_conflict]
WARNING    'w' is an internal variable of group 'syn', but also exists in the run namespace with the value 747. The internal variable will be used. [brian2.groups.group.Group.resolve.resolution_conflict]
WARNING    'w' is an internal variable of group 'syn', but also exists in the run namespace with the value 748. The internal variable will be used. [brian2.groups.group.Group.resolve.resolution_conflict]
WARNING    'w' is an internal variable of group 'syn', but also exists in the run namespace with the value 749. The internal variable will be used. [brian2.groups.group.Group.resolve.resolution_conflict]
WARNING    'w' is an internal variable of group 'syn', but also exists in the run namespace with the value 750. The internal variable will be used. [brian2.groups.group.Group.resolve.resolution_conflict]
WARNING    'w' is an internal variable of group 'syn', but also exists in the run namespace with the value 751. The internal variable will be used. [brian2.groups.group.Group.resolve.resolution_conflict]
WARNING    'w' is an internal variable of group 'syn', but also exists in the run namespace with the value 752. The internal variable will be used. [brian2.groups.group.Group.resolve.resolution_conflict]
WARNING    'w' is an internal variable of group 'syn', but also exists in the run namespace with the value 753. The internal variable will be used. [brian2.groups.group.Group.resolve.resolution_conflict]
WARNING    'w' is an internal variable of group 'syn', but also exists in the run namespace with the value 754. The internal variable will be used. [brian2.groups.group.Group.resolve.resolution_conflict]
WARNING    'w' is an internal variable of group 'syn', but also exists in the run namespace with the value 755. The internal variable will be used. [brian2.groups.group.Group.resolve.resolution_conflict]
WARNING    'w' is an internal variable of group 'syn', but also exists in the run namespace with the value 756. The internal variable will be used. [brian2.groups.group.Group.resolve.resolution_conflict]
WARNING    'w' is an internal variable of group 'syn', but also exists in the run namespace with the value 757. The internal variable will be used. [brian2.groups.group.Group.resolve.resolution_conflict]
WARNING    'w' is an internal variable of group 'syn', but also exists in the run namespace with the value 758. The internal variable will be used. [brian2.groups.group.Group.resolve.resolution_conflict]
WARNING    'w' is an internal variable of group 'syn', but also exists in the run namespace with the value 759. The internal variable will be used. [brian2.groups.group.Group.resolve.resolution_conflict]
WARNING    'w' is an internal variable of group 'syn', but also exists in the run namespace with the value 760. The internal variable will be used. [brian2.groups.group.Group.resolve.resolution_conflict]
WARNING    'w' is an internal variable of group 'syn', but also exists in the run namespace with the value 761. The internal variable will be used. [brian2.groups.group.Group.resolve.resolution_conflict]
WARNING    'w' is an internal variable of group 'syn', but also exists in the run namespace with the value 762. The internal variable will be used. [brian2.groups.group.Group.resolve.resolution_conflict]
WARNING    'w' is an internal variable of group 'syn', but also exists in the run namespace with the value 763. The internal variable will be used. [brian2.groups.group.Group.resolve.resolution_conflict]
WARNING    'w' is an internal variable of group 'syn', but also exists in the run namespace with the value 764. The internal variable will be used. [brian2.groups.group.Group.resolve.resolution_conflict]
WARNING    'w' is an internal variable of group 'syn', but also exists in the run namespace with the value 765. The internal variable will be used. [brian2.groups.group.Group.resolve.resolution_conflict]
WARNING    'w' is an internal variable of group 'syn', but also exists in the run namespace with the value 766. The internal variable will be used. [brian2.groups.group.Group.resolve.resolution_conflict]
WARNING    'w' is an internal variable of group 'syn', but also exists in the run namespace with the value 767. The internal variable will be used. [brian2.groups.group.Group.resolve.resolution_conflict]
WARNING    'w' is an internal variable of group 'syn', but also exists in the run namespace with the value 768. The internal variable will be used. [brian2.groups.group.Group.resolve.resolution_conflict]
WARNING    'w' is an internal variable of group 'syn', but also exists in the run namespace with the value 769. The internal variable will be used. [brian2.groups.group.Group.resolve.resolution_conflict]
WARNING    'w' is an internal variable of group 'syn', but also exists in the run namespace with the value 770. The internal variable will be used. [brian2.groups.group.Group.resolve.resolution_conflict]
WARNING    'w' is an internal variable of group 'syn', but also exists in the run namespace with the value 771. The internal variable will be used. [brian2.groups.group.Group.resolve.resolution_conflict]
WARNING    'w' is an internal variable of group 'syn', but also exists in the run namespace with the value 772. The internal variable will be used. [brian2.groups.group.Group.resolve.resolution_conflict]
WARNING    'w' is an internal variable of group 'syn', but also exists in the run namespace with the value 773. The internal variable will be used. [brian2.groups.group.Group.resolve.resolution_conflict]
WARNING    'w' is an internal variable of group 'syn', but also exists in the run namespace with the value 774. The internal variable will be used. [brian2.groups.group.Group.resolve.resolution_conflict]
WARNING    'w' is an internal variable of group 'syn', but also exists in the run namespace with the value 775. The internal variable will be used. [brian2.groups.group.Group.resolve.resolution_conflict]
WARNING    'w' is an internal variable of group 'syn', but also exists in the run namespace with the value 776. The internal variable will be used. [brian2.groups.group.Group.resolve.resolution_conflict]
WARNING    'w' is an internal variable of group 'syn', but also exists in the run namespace with the value 777. The internal variable will be used. [brian2.groups.group.Group.resolve.resolution_conflict]
WARNING    'w' is an internal variable of group 'syn', but also exists in the run namespace with the value 778. The internal variable will be used. [brian2.groups.group.Group.resolve.resolution_conflict]
WARNING    'w' is an internal variable of group 'syn', but also exists in the run namespace with the value 779. The internal variable will be used. [brian2.groups.group.Group.resolve.resolution_conflict]
WARNING    'w' is an internal variable of group 'syn', but also exists in the run namespace with the value 780. The internal variable will be used. [brian2.groups.group.Group.resolve.resolution_conflict]
WARNING    'w' is an internal variable of group 'syn', but also exists in the run namespace with the value 781. The internal variable will be used. [brian2.groups.group.Group.resolve.resolution_conflict]
WARNING    'w' is an internal variable of group 'syn', but also exists in the run namespace with the value 782. The internal variable will be used. [brian2.groups.group.Group.resolve.resolution_conflict]
WARNING    'w' is an internal variable of group 'syn', but also exists in the run namespace with the value 783. The internal variable will be used. [brian2.groups.group.Group.resolve.resolution_conflict]
WARNING    'w' is an internal variable of group 'syn', but also exists in the run namespace with the value 784. The internal variable will be used. [brian2.groups.group.Group.resolve.resolution_conflict]
WARNING    'w' is an internal variable of group 'syn', but also exists in the run namespace with the value 785. The internal variable will be used. [brian2.groups.group.Group.resolve.resolution_conflict]
WARNING    'w' is an internal variable of group 'syn', but also exists in the run namespace with the value 786. The internal variable will be used. [brian2.groups.group.Group.resolve.resolution_conflict]
WARNING    'w' is an internal variable of group 'syn', but also exists in the run namespace with the value 787. The internal variable will be used. [brian2.groups.group.Group.resolve.resolution_conflict]
WARNING    'w' is an internal variable of group 'syn', but also exists in the run namespace with the value 788. The internal variable will be used. [brian2.groups.group.Group.resolve.resolution_conflict]
WARNING    'w' is an internal variable of group 'syn', but also exists in the run namespace with the value 789. The internal variable will be used. [brian2.groups.group.Group.resolve.resolution_conflict]
WARNING    'w' is an internal variable of group 'syn', but also exists in the run namespace with the value 790. The internal variable will be used. [brian2.groups.group.Group.resolve.resolution_conflict]
WARNING    'w' is an internal variable of group 'syn', but also exists in the run namespace with the value 791. The internal variable will be used. [brian2.groups.group.Group.resolve.resolution_conflict]
WARNING    'w' is an internal variable of group 'syn', but also exists in the run namespace with the value 792. The internal variable will be used. [brian2.groups.group.Group.resolve.resolution_conflict]
WARNING    'w' is an internal variable of group 'syn', but also exists in the run namespace with the value 793. The internal variable will be used. [brian2.groups.group.Group.resolve.resolution_conflict]
WARNING    'w' is an internal variable of group 'syn', but also exists in the run namespace with the value 794. The internal variable will be used. [brian2.groups.group.Group.resolve.resolution_conflict]
WARNING    'w' is an internal variable of group 'syn', but also exists in the run namespace with the value 795. The internal variable will be used. [brian2.groups.group.Group.resolve.resolution_conflict]
WARNING    'w' is an internal variable of group 'syn', but also exists in the run namespace with the value 796. The internal variable will be used. [brian2.groups.group.Group.resolve.resolution_conflict]
WARNING    'w' is an internal variable of group 'syn', but also exists in the run namespace with the value 797. The internal variable will be used. [brian2.groups.group.Group.resolve.resolution_conflict]
WARNING    'w' is an internal variable of group 'syn', but also exists in the run namespace with the value 798. The internal variable will be used. [brian2.groups.group.Group.resolve.resolution_conflict]
WARNING    'w' is an internal variable of group 'syn', but also exists in the run namespace with the value 799. The internal variable will be used. [brian2.groups.group.Group.resolve.resolution_conflict]
WARNING    'w' is an internal variable of group 'syn', but also exists in the run namespace with the value 800. The internal variable will be used. [brian2.groups.group.Group.resolve.resolution_conflict]
WARNING    'w' is an internal variable of group 'syn', but also exists in the run namespace with the value 801. The internal variable will be used. [brian2.groups.group.Group.resolve.resolution_conflict]
WARNING    'w' is an internal variable of group 'syn', but also exists in the run namespace with the value 802. The internal variable will be used. [brian2.groups.group.Group.resolve.resolution_conflict]
WARNING    'w' is an internal variable of group 'syn', but also exists in the run namespace with the value 803. The internal variable will be used. [brian2.groups.group.Group.resolve.resolution_conflict]
WARNING    'w' is an internal variable of group 'syn', but also exists in the run namespace with the value 804. The internal variable will be used. [brian2.groups.group.Group.resolve.resolution_conflict]
WARNING    'w' is an internal variable of group 'syn', but also exists in the run namespace with the value 805. The internal variable will be used. [brian2.groups.group.Group.resolve.resolution_conflict]
WARNING    'w' is an internal variable of group 'syn', but also exists in the run namespace with the value 806. The internal variable will be used. [brian2.groups.group.Group.resolve.resolution_conflict]
WARNING    'w' is an internal variable of group 'syn', but also exists in the run namespace with the value 807. The internal variable will be used. [brian2.groups.group.Group.resolve.resolution_conflict]
WARNING    'w' is an internal variable of group 'syn', but also exists in the run namespace with the value 808. The internal variable will be used. [brian2.groups.group.Group.resolve.resolution_conflict]
WARNING    'w' is an internal variable of group 'syn', but also exists in the run namespace with the value 809. The internal variable will be used. [brian2.groups.group.Group.resolve.resolution_conflict]
WARNING    'w' is an internal variable of group 'syn', but also exists in the run namespace with the value 810. The internal variable will be used. [brian2.groups.group.Group.resolve.resolution_conflict]
WARNING    'w' is an internal variable of group 'syn', but also exists in the run namespace with the value 811. The internal variable will be used. [brian2.groups.group.Group.resolve.resolution_conflict]
WARNING    'w' is an internal variable of group 'syn', but also exists in the run namespace with the value 812. The internal variable will be used. [brian2.groups.group.Group.resolve.resolution_conflict]
WARNING    'w' is an internal variable of group 'syn', but also exists in the run namespace with the value 813. The internal variable will be used. [brian2.groups.group.Group.resolve.resolution_conflict]
WARNING    'w' is an internal variable of group 'syn', but also exists in the run namespace with the value 814. The internal variable will be used. [brian2.groups.group.Group.resolve.resolution_conflict]
WARNING    'w' is an internal variable of group 'syn', but also exists in the run namespace with the value 815. The internal variable will be used. [brian2.groups.group.Group.resolve.resolution_conflict]
WARNING    'w' is an internal variable of group 'syn', but also exists in the run namespace with the value 816. The internal variable will be used. [brian2.groups.group.Group.resolve.resolution_conflict]
WARNING    'w' is an internal variable of group 'syn', but also exists in the run namespace with the value 817. The internal variable will be used. [brian2.groups.group.Group.resolve.resolution_conflict]
WARNING    'w' is an internal variable of group 'syn', but also exists in the run namespace with the value 818. The internal variable will be used. [brian2.groups.group.Group.resolve.resolution_conflict]
WARNING    'w' is an internal variable of group 'syn', but also exists in the run namespace with the value 819. The internal variable will be used. [brian2.groups.group.Group.resolve.resolution_conflict]
WARNING    'w' is an internal variable of group 'syn', but also exists in the run namespace with the value 820. The internal variable will be used. [brian2.groups.group.Group.resolve.resolution_conflict]
WARNING    'w' is an internal variable of group 'syn', but also exists in the run namespace with the value 821. The internal variable will be used. [brian2.groups.group.Group.resolve.resolution_conflict]
WARNING    'w' is an internal variable of group 'syn', but also exists in the run namespace with the value 822. The internal variable will be used. [brian2.groups.group.Group.resolve.resolution_conflict]
WARNING    'w' is an internal variable of group 'syn', but also exists in the run namespace with the value 823. The internal variable will be used. [brian2.groups.group.Group.resolve.resolution_conflict]
WARNING    'w' is an internal variable of group 'syn', but also exists in the run namespace with the value 824. The internal variable will be used. [brian2.groups.group.Group.resolve.resolution_conflict]
WARNING    'w' is an internal variable of group 'syn', but also exists in the run namespace with the value 825. The internal variable will be used. [brian2.groups.group.Group.resolve.resolution_conflict]
WARNING    'w' is an internal variable of group 'syn', but also exists in the run namespace with the value 826. The internal variable will be used. [brian2.groups.group.Group.resolve.resolution_conflict]
WARNING    'w' is an internal variable of group 'syn', but also exists in the run namespace with the value 827. The internal variable will be used. [brian2.groups.group.Group.resolve.resolution_conflict]
WARNING    'w' is an internal variable of group 'syn', but also exists in the run namespace with the value 828. The internal variable will be used. [brian2.groups.group.Group.resolve.resolution_conflict]
WARNING    'w' is an internal variable of group 'syn', but also exists in the run namespace with the value 829. The internal variable will be used. [brian2.groups.group.Group.resolve.resolution_conflict]
WARNING    'w' is an internal variable of group 'syn', but also exists in the run namespace with the value 830. The internal variable will be used. [brian2.groups.group.Group.resolve.resolution_conflict]
WARNING    'w' is an internal variable of group 'syn', but also exists in the run namespace with the value 831. The internal variable will be used. [brian2.groups.group.Group.resolve.resolution_conflict]
WARNING    'w' is an internal variable of group 'syn', but also exists in the run namespace with the value 832. The internal variable will be used. [brian2.groups.group.Group.resolve.resolution_conflict]
WARNING    'w' is an internal variable of group 'syn', but also exists in the run namespace with the value 833. The internal variable will be used. [brian2.groups.group.Group.resolve.resolution_conflict]
WARNING    'w' is an internal variable of group 'syn', but also exists in the run namespace with the value 834. The internal variable will be used. [brian2.groups.group.Group.resolve.resolution_conflict]
WARNING    'w' is an internal variable of group 'syn', but also exists in the run namespace with the value 835. The internal variable will be used. [brian2.groups.group.Group.resolve.resolution_conflict]
WARNING    'w' is an internal variable of group 'syn', but also exists in the run namespace with the value 836. The internal variable will be used. [brian2.groups.group.Group.resolve.resolution_conflict]
WARNING    'w' is an internal variable of group 'syn', but also exists in the run namespace with the value 837. The internal variable will be used. [brian2.groups.group.Group.resolve.resolution_conflict]
WARNING    'w' is an internal variable of group 'syn', but also exists in the run namespace with the value 838. The internal variable will be used. [brian2.groups.group.Group.resolve.resolution_conflict]
WARNING    'w' is an internal variable of group 'syn', but also exists in the run namespace with the value 839. The internal variable will be used. [brian2.groups.group.Group.resolve.resolution_conflict]
WARNING    'w' is an internal variable of group 'syn', but also exists in the run namespace with the value 840. The internal variable will be used. [brian2.groups.group.Group.resolve.resolution_conflict]
WARNING    'w' is an internal variable of group 'syn', but also exists in the run namespace with the value 841. The internal variable will be used. [brian2.groups.group.Group.resolve.resolution_conflict]
WARNING    'w' is an internal variable of group 'syn', but also exists in the run namespace with the value 842. The internal variable will be used. [brian2.groups.group.Group.resolve.resolution_conflict]
WARNING    'w' is an internal variable of group 'syn', but also exists in the run namespace with the value 843. The internal variable will be used. [brian2.groups.group.Group.resolve.resolution_conflict]
WARNING    'w' is an internal variable of group 'syn', but also exists in the run namespace with the value 844. The internal variable will be used. [brian2.groups.group.Group.resolve.resolution_conflict]
WARNING    'w' is an internal variable of group 'syn', but also exists in the run namespace with the value 845. The internal variable will be used. [brian2.groups.group.Group.resolve.resolution_conflict]
WARNING    'w' is an internal variable of group 'syn', but also exists in the run namespace with the value 846. The internal variable will be used. [brian2.groups.group.Group.resolve.resolution_conflict]
WARNING    'w' is an internal variable of group 'syn', but also exists in the run namespace with the value 847. The internal variable will be used. [brian2.groups.group.Group.resolve.resolution_conflict]
WARNING    'w' is an internal variable of group 'syn', but also exists in the run namespace with the value 848. The internal variable will be used. [brian2.groups.group.Group.resolve.resolution_conflict]
WARNING    'w' is an internal variable of group 'syn', but also exists in the run namespace with the value 849. The internal variable will be used. [brian2.groups.group.Group.resolve.resolution_conflict]
WARNING    'w' is an internal variable of group 'syn', but also exists in the run namespace with the value 850. The internal variable will be used. [brian2.groups.group.Group.resolve.resolution_conflict]
WARNING    'w' is an internal variable of group 'syn', but also exists in the run namespace with the value 851. The internal variable will be used. [brian2.groups.group.Group.resolve.resolution_conflict]
WARNING    'w' is an internal variable of group 'syn', but also exists in the run namespace with the value 852. The internal variable will be used. [brian2.groups.group.Group.resolve.resolution_conflict]
WARNING    'w' is an internal variable of group 'syn', but also exists in the run namespace with the value 853. The internal variable will be used. [brian2.groups.group.Group.resolve.resolution_conflict]
WARNING    'w' is an internal variable of group 'syn', but also exists in the run namespace with the value 854. The internal variable will be used. [brian2.groups.group.Group.resolve.resolution_conflict]
WARNING    'w' is an internal variable of group 'syn', but also exists in the run namespace with the value 855. The internal variable will be used. [brian2.groups.group.Group.resolve.resolution_conflict]
WARNING    'w' is an internal variable of group 'syn', but also exists in the run namespace with the value 856. The internal variable will be used. [brian2.groups.group.Group.resolve.resolution_conflict]
WARNING    'w' is an internal variable of group 'syn', but also exists in the run namespace with the value 857. The internal variable will be used. [brian2.groups.group.Group.resolve.resolution_conflict]
WARNING    'w' is an internal variable of group 'syn', but also exists in the run namespace with the value 858. The internal variable will be used. [brian2.groups.group.Group.resolve.resolution_conflict]
WARNING    'w' is an internal variable of group 'syn', but also exists in the run namespace with the value 859. The internal variable will be used. [brian2.groups.group.Group.resolve.resolution_conflict]
WARNING    'w' is an internal variable of group 'syn', but also exists in the run namespace with the value 860. The internal variable will be used. [brian2.groups.group.Group.resolve.resolution_conflict]
WARNING    'w' is an internal variable of group 'syn', but also exists in the run namespace with the value 861. The internal variable will be used. [brian2.groups.group.Group.resolve.resolution_conflict]
WARNING    'w' is an internal variable of group 'syn', but also exists in the run namespace with the value 862. The internal variable will be used. [brian2.groups.group.Group.resolve.resolution_conflict]
WARNING    'w' is an internal variable of group 'syn', but also exists in the run namespace with the value 863. The internal variable will be used. [brian2.groups.group.Group.resolve.resolution_conflict]
WARNING    'w' is an internal variable of group 'syn', but also exists in the run namespace with the value 864. The internal variable will be used. [brian2.groups.group.Group.resolve.resolution_conflict]
WARNING    'w' is an internal variable of group 'syn', but also exists in the run namespace with the value 865. The internal variable will be used. [brian2.groups.group.Group.resolve.resolution_conflict]
WARNING    'w' is an internal variable of group 'syn', but also exists in the run namespace with the value 866. The internal variable will be used. [brian2.groups.group.Group.resolve.resolution_conflict]
WARNING    'w' is an internal variable of group 'syn', but also exists in the run namespace with the value 867. The internal variable will be used. [brian2.groups.group.Group.resolve.resolution_conflict]
WARNING    'w' is an internal variable of group 'syn', but also exists in the run namespace with the value 868. The internal variable will be used. [brian2.groups.group.Group.resolve.resolution_conflict]
WARNING    'w' is an internal variable of group 'syn', but also exists in the run namespace with the value 869. The internal variable will be used. [brian2.groups.group.Group.resolve.resolution_conflict]
WARNING    'w' is an internal variable of group 'syn', but also exists in the run namespace with the value 870. The internal variable will be used. [brian2.groups.group.Group.resolve.resolution_conflict]
WARNING    'w' is an internal variable of group 'syn', but also exists in the run namespace with the value 871. The internal variable will be used. [brian2.groups.group.Group.resolve.resolution_conflict]
WARNING    'w' is an internal variable of group 'syn', but also exists in the run namespace with the value 872. The internal variable will be used. [brian2.groups.group.Group.resolve.resolution_conflict]
WARNING    'w' is an internal variable of group 'syn', but also exists in the run namespace with the value 873. The internal variable will be used. [brian2.groups.group.Group.resolve.resolution_conflict]
WARNING    'w' is an internal variable of group 'syn', but also exists in the run namespace with the value 874. The internal variable will be used. [brian2.groups.group.Group.resolve.resolution_conflict]
WARNING    'w' is an internal variable of group 'syn', but also exists in the run namespace with the value 875. The internal variable will be used. [brian2.groups.group.Group.resolve.resolution_conflict]
WARNING    'w' is an internal variable of group 'syn', but also exists in the run namespace with the value 876. The internal variable will be used. [brian2.groups.group.Group.resolve.resolution_conflict]
WARNING    'w' is an internal variable of group 'syn', but also exists in the run namespace with the value 877. The internal variable will be used. [brian2.groups.group.Group.resolve.resolution_conflict]
WARNING    'w' is an internal variable of group 'syn', but also exists in the run namespace with the value 878. The internal variable will be used. [brian2.groups.group.Group.resolve.resolution_conflict]
WARNING    'w' is an internal variable of group 'syn', but also exists in the run namespace with the value 879. The internal variable will be used. [brian2.groups.group.Group.resolve.resolution_conflict]
WARNING    'w' is an internal variable of group 'syn', but also exists in the run namespace with the value 880. The internal variable will be used. [brian2.groups.group.Group.resolve.resolution_conflict]
WARNING    'w' is an internal variable of group 'syn', but also exists in the run namespace with the value 881. The internal variable will be used. [brian2.groups.group.Group.resolve.resolution_conflict]
WARNING    'w' is an internal variable of group 'syn', but also exists in the run namespace with the value 882. The internal variable will be used. [brian2.groups.group.Group.resolve.resolution_conflict]
WARNING    'w' is an internal variable of group 'syn', but also exists in the run namespace with the value 883. The internal variable will be used. [brian2.groups.group.Group.resolve.resolution_conflict]
WARNING    'w' is an internal variable of group 'syn', but also exists in the run namespace with the value 884. The internal variable will be used. [brian2.groups.group.Group.resolve.resolution_conflict]
WARNING    'w' is an internal variable of group 'syn', but also exists in the run namespace with the value 885. The internal variable will be used. [brian2.groups.group.Group.resolve.resolution_conflict]
WARNING    'w' is an internal variable of group 'syn', but also exists in the run namespace with the value 886. The internal variable will be used. [brian2.groups.group.Group.resolve.resolution_conflict]
WARNING    'w' is an internal variable of group 'syn', but also exists in the run namespace with the value 887. The internal variable will be used. [brian2.groups.group.Group.resolve.resolution_conflict]
WARNING    'w' is an internal variable of group 'syn', but also exists in the run namespace with the value 888. The internal variable will be used. [brian2.groups.group.Group.resolve.resolution_conflict]
WARNING    'w' is an internal variable of group 'syn', but also exists in the run namespace with the value 889. The internal variable will be used. [brian2.groups.group.Group.resolve.resolution_conflict]
WARNING    'w' is an internal variable of group 'syn', but also exists in the run namespace with the value 890. The internal variable will be used. [brian2.groups.group.Group.resolve.resolution_conflict]
WARNING    'w' is an internal variable of group 'syn', but also exists in the run namespace with the value 891. The internal variable will be used. [brian2.groups.group.Group.resolve.resolution_conflict]
WARNING    'w' is an internal variable of group 'syn', but also exists in the run namespace with the value 892. The internal variable will be used. [brian2.groups.group.Group.resolve.resolution_conflict]
WARNING    'w' is an internal variable of group 'syn', but also exists in the run namespace with the value 893. The internal variable will be used. [brian2.groups.group.Group.resolve.resolution_conflict]
WARNING    'w' is an internal variable of group 'syn', but also exists in the run namespace with the value 894. The internal variable will be used. [brian2.groups.group.Group.resolve.resolution_conflict]
WARNING    'w' is an internal variable of group 'syn', but also exists in the run namespace with the value 895. The internal variable will be used. [brian2.groups.group.Group.resolve.resolution_conflict]
WARNING    'w' is an internal variable of group 'syn', but also exists in the run namespace with the value 896. The internal variable will be used. [brian2.groups.group.Group.resolve.resolution_conflict]
WARNING    'w' is an internal variable of group 'syn', but also exists in the run namespace with the value 897. The internal variable will be used. [brian2.groups.group.Group.resolve.resolution_conflict]
WARNING    'w' is an internal variable of group 'syn', but also exists in the run namespace with the value 898. The internal variable will be used. [brian2.groups.group.Group.resolve.resolution_conflict]
WARNING    'w' is an internal variable of group 'syn', but also exists in the run namespace with the value 899. The internal variable will be used. [brian2.groups.group.Group.resolve.resolution_conflict]
WARNING    'w' is an internal variable of group 'syn', but also exists in the run namespace with the value 900. The internal variable will be used. [brian2.groups.group.Group.resolve.resolution_conflict]
WARNING    'w' is an internal variable of group 'syn', but also exists in the run namespace with the value 901. The internal variable will be used. [brian2.groups.group.Group.resolve.resolution_conflict]
WARNING    'w' is an internal variable of group 'syn', but also exists in the run namespace with the value 902. The internal variable will be used. [brian2.groups.group.Group.resolve.resolution_conflict]
WARNING    'w' is an internal variable of group 'syn', but also exists in the run namespace with the value 903. The internal variable will be used. [brian2.groups.group.Group.resolve.resolution_conflict]
WARNING    'w' is an internal variable of group 'syn', but also exists in the run namespace with the value 904. The internal variable will be used. [brian2.groups.group.Group.resolve.resolution_conflict]
WARNING    'w' is an internal variable of group 'syn', but also exists in the run namespace with the value 905. The internal variable will be used. [brian2.groups.group.Group.resolve.resolution_conflict]
WARNING    'w' is an internal variable of group 'syn', but also exists in the run namespace with the value 906. The internal variable will be used. [brian2.groups.group.Group.resolve.resolution_conflict]
WARNING    'w' is an internal variable of group 'syn', but also exists in the run namespace with the value 907. The internal variable will be used. [brian2.groups.group.Group.resolve.resolution_conflict]
WARNING    'w' is an internal variable of group 'syn', but also exists in the run namespace with the value 908. The internal variable will be used. [brian2.groups.group.Group.resolve.resolution_conflict]
WARNING    'w' is an internal variable of group 'syn', but also exists in the run namespace with the value 909. The internal variable will be used. [brian2.groups.group.Group.resolve.resolution_conflict]
WARNING    'w' is an internal variable of group 'syn', but also exists in the run namespace with the value 910. The internal variable will be used. [brian2.groups.group.Group.resolve.resolution_conflict]
WARNING    'w' is an internal variable of group 'syn', but also exists in the run namespace with the value 911. The internal variable will be used. [brian2.groups.group.Group.resolve.resolution_conflict]
WARNING    'w' is an internal variable of group 'syn', but also exists in the run namespace with the value 912. The internal variable will be used. [brian2.groups.group.Group.resolve.resolution_conflict]
WARNING    'w' is an internal variable of group 'syn', but also exists in the run namespace with the value 913. The internal variable will be used. [brian2.groups.group.Group.resolve.resolution_conflict]
WARNING    'w' is an internal variable of group 'syn', but also exists in the run namespace with the value 914. The internal variable will be used. [brian2.groups.group.Group.resolve.resolution_conflict]
WARNING    'w' is an internal variable of group 'syn', but also exists in the run namespace with the value 915. The internal variable will be used. [brian2.groups.group.Group.resolve.resolution_conflict]
WARNING    'w' is an internal variable of group 'syn', but also exists in the run namespace with the value 916. The internal variable will be used. [brian2.groups.group.Group.resolve.resolution_conflict]
WARNING    'w' is an internal variable of group 'syn', but also exists in the run namespace with the value 917. The internal variable will be used. [brian2.groups.group.Group.resolve.resolution_conflict]
WARNING    'w' is an internal variable of group 'syn', but also exists in the run namespace with the value 918. The internal variable will be used. [brian2.groups.group.Group.resolve.resolution_conflict]
WARNING    'w' is an internal variable of group 'syn', but also exists in the run namespace with the value 919. The internal variable will be used. [brian2.groups.group.Group.resolve.resolution_conflict]
WARNING    'w' is an internal variable of group 'syn', but also exists in the run namespace with the value 920. The internal variable will be used. [brian2.groups.group.Group.resolve.resolution_conflict]
WARNING    'w' is an internal variable of group 'syn', but also exists in the run namespace with the value 921. The internal variable will be used. [brian2.groups.group.Group.resolve.resolution_conflict]
WARNING    'w' is an internal variable of group 'syn', but also exists in the run namespace with the value 922. The internal variable will be used. [brian2.groups.group.Group.resolve.resolution_conflict]
WARNING    'w' is an internal variable of group 'syn', but also exists in the run namespace with the value 923. The internal variable will be used. [brian2.groups.group.Group.resolve.resolution_conflict]
WARNING    'w' is an internal variable of group 'syn', but also exists in the run namespace with the value 924. The internal variable will be used. [brian2.groups.group.Group.resolve.resolution_conflict]
WARNING    'w' is an internal variable of group 'syn', but also exists in the run namespace with the value 925. The internal variable will be used. [brian2.groups.group.Group.resolve.resolution_conflict]
WARNING    'w' is an internal variable of group 'syn', but also exists in the run namespace with the value 926. The internal variable will be used. [brian2.groups.group.Group.resolve.resolution_conflict]
WARNING    'w' is an internal variable of group 'syn', but also exists in the run namespace with the value 927. The internal variable will be used. [brian2.groups.group.Group.resolve.resolution_conflict]
WARNING    'w' is an internal variable of group 'syn', but also exists in the run namespace with the value 928. The internal variable will be used. [brian2.groups.group.Group.resolve.resolution_conflict]
WARNING    'w' is an internal variable of group 'syn', but also exists in the run namespace with the value 929. The internal variable will be used. [brian2.groups.group.Group.resolve.resolution_conflict]
WARNING    'w' is an internal variable of group 'syn', but also exists in the run namespace with the value 930. The internal variable will be used. [brian2.groups.group.Group.resolve.resolution_conflict]
WARNING    'w' is an internal variable of group 'syn', but also exists in the run namespace with the value 931. The internal variable will be used. [brian2.groups.group.Group.resolve.resolution_conflict]
WARNING    'w' is an internal variable of group 'syn', but also exists in the run namespace with the value 932. The internal variable will be used. [brian2.groups.group.Group.resolve.resolution_conflict]
WARNING    'w' is an internal variable of group 'syn', but also exists in the run namespace with the value 933. The internal variable will be used. [brian2.groups.group.Group.resolve.resolution_conflict]
WARNING    'w' is an internal variable of group 'syn', but also exists in the run namespace with the value 934. The internal variable will be used. [brian2.groups.group.Group.resolve.resolution_conflict]
WARNING    'w' is an internal variable of group 'syn', but also exists in the run namespace with the value 935. The internal variable will be used. [brian2.groups.group.Group.resolve.resolution_conflict]
WARNING    'w' is an internal variable of group 'syn', but also exists in the run namespace with the value 936. The internal variable will be used. [brian2.groups.group.Group.resolve.resolution_conflict]
WARNING    'w' is an internal variable of group 'syn', but also exists in the run namespace with the value 937. The internal variable will be used. [brian2.groups.group.Group.resolve.resolution_conflict]
WARNING    'w' is an internal variable of group 'syn', but also exists in the run namespace with the value 938. The internal variable will be used. [brian2.groups.group.Group.resolve.resolution_conflict]
WARNING    'w' is an internal variable of group 'syn', but also exists in the run namespace with the value 939. The internal variable will be used. [brian2.groups.group.Group.resolve.resolution_conflict]
WARNING    'w' is an internal variable of group 'syn', but also exists in the run namespace with the value 940. The internal variable will be used. [brian2.groups.group.Group.resolve.resolution_conflict]
WARNING    'w' is an internal variable of group 'syn', but also exists in the run namespace with the value 941. The internal variable will be used. [brian2.groups.group.Group.resolve.resolution_conflict]
WARNING    'w' is an internal variable of group 'syn', but also exists in the run namespace with the value 942. The internal variable will be used. [brian2.groups.group.Group.resolve.resolution_conflict]
WARNING    'w' is an internal variable of group 'syn', but also exists in the run namespace with the value 943. The internal variable will be used. [brian2.groups.group.Group.resolve.resolution_conflict]
WARNING    'w' is an internal variable of group 'syn', but also exists in the run namespace with the value 944. The internal variable will be used. [brian2.groups.group.Group.resolve.resolution_conflict]
WARNING    'w' is an internal variable of group 'syn', but also exists in the run namespace with the value 945. The internal variable will be used. [brian2.groups.group.Group.resolve.resolution_conflict]
WARNING    'w' is an internal variable of group 'syn', but also exists in the run namespace with the value 946. The internal variable will be used. [brian2.groups.group.Group.resolve.resolution_conflict]
WARNING    'w' is an internal variable of group 'syn', but also exists in the run namespace with the value 947. The internal variable will be used. [brian2.groups.group.Group.resolve.resolution_conflict]
WARNING    'w' is an internal variable of group 'syn', but also exists in the run namespace with the value 948. The internal variable will be used. [brian2.groups.group.Group.resolve.resolution_conflict]
WARNING    'w' is an internal variable of group 'syn', but also exists in the run namespace with the value 949. The internal variable will be used. [brian2.groups.group.Group.resolve.resolution_conflict]
WARNING    'w' is an internal variable of group 'syn', but also exists in the run namespace with the value 950. The internal variable will be used. [brian2.groups.group.Group.resolve.resolution_conflict]
WARNING    'w' is an internal variable of group 'syn', but also exists in the run namespace with the value 951. The internal variable will be used. [brian2.groups.group.Group.resolve.resolution_conflict]
WARNING    'w' is an internal variable of group 'syn', but also exists in the run namespace with the value 952. The internal variable will be used. [brian2.groups.group.Group.resolve.resolution_conflict]
WARNING    'w' is an internal variable of group 'syn', but also exists in the run namespace with the value 953. The internal variable will be used. [brian2.groups.group.Group.resolve.resolution_conflict]
WARNING    'w' is an internal variable of group 'syn', but also exists in the run namespace with the value 954. The internal variable will be used. [brian2.groups.group.Group.resolve.resolution_conflict]
WARNING    'w' is an internal variable of group 'syn', but also exists in the run namespace with the value 955. The internal variable will be used. [brian2.groups.group.Group.resolve.resolution_conflict]
WARNING    'w' is an internal variable of group 'syn', but also exists in the run namespace with the value 956. The internal variable will be used. [brian2.groups.group.Group.resolve.resolution_conflict]
WARNING    'w' is an internal variable of group 'syn', but also exists in the run namespace with the value 957. The internal variable will be used. [brian2.groups.group.Group.resolve.resolution_conflict]
WARNING    'w' is an internal variable of group 'syn', but also exists in the run namespace with the value 958. The internal variable will be used. [brian2.groups.group.Group.resolve.resolution_conflict]
WARNING    'w' is an internal variable of group 'syn', but also exists in the run namespace with the value 959. The internal variable will be used. [brian2.groups.group.Group.resolve.resolution_conflict]
WARNING    'w' is an internal variable of group 'syn', but also exists in the run namespace with the value 960. The internal variable will be used. [brian2.groups.group.Group.resolve.resolution_conflict]
WARNING    'w' is an internal variable of group 'syn', but also exists in the run namespace with the value 961. The internal variable will be used. [brian2.groups.group.Group.resolve.resolution_conflict]
WARNING    'w' is an internal variable of group 'syn', but also exists in the run namespace with the value 962. The internal variable will be used. [brian2.groups.group.Group.resolve.resolution_conflict]
WARNING    'w' is an internal variable of group 'syn', but also exists in the run namespace with the value 963. The internal variable will be used. [brian2.groups.group.Group.resolve.resolution_conflict]
WARNING    'w' is an internal variable of group 'syn', but also exists in the run namespace with the value 964. The internal variable will be used. [brian2.groups.group.Group.resolve.resolution_conflict]
WARNING    'w' is an internal variable of group 'syn', but also exists in the run namespace with the value 965. The internal variable will be used. [brian2.groups.group.Group.resolve.resolution_conflict]
WARNING    'w' is an internal variable of group 'syn', but also exists in the run namespace with the value 966. The internal variable will be used. [brian2.groups.group.Group.resolve.resolution_conflict]
WARNING    'w' is an internal variable of group 'syn', but also exists in the run namespace with the value 967. The internal variable will be used. [brian2.groups.group.Group.resolve.resolution_conflict]
WARNING    'w' is an internal variable of group 'syn', but also exists in the run namespace with the value 968. The internal variable will be used. [brian2.groups.group.Group.resolve.resolution_conflict]
WARNING    'w' is an internal variable of group 'syn', but also exists in the run namespace with the value 969. The internal variable will be used. [brian2.groups.group.Group.resolve.resolution_conflict]
WARNING    'w' is an internal variable of group 'syn', but also exists in the run namespace with the value 970. The internal variable will be used. [brian2.groups.group.Group.resolve.resolution_conflict]
WARNING    'w' is an internal variable of group 'syn', but also exists in the run namespace with the value 971. The internal variable will be used. [brian2.groups.group.Group.resolve.resolution_conflict]
WARNING    'w' is an internal variable of group 'syn', but also exists in the run namespace with the value 972. The internal variable will be used. [brian2.groups.group.Group.resolve.resolution_conflict]
WARNING    'w' is an internal variable of group 'syn', but also exists in the run namespace with the value 973. The internal variable will be used. [brian2.groups.group.Group.resolve.resolution_conflict]
WARNING    'w' is an internal variable of group 'syn', but also exists in the run namespace with the value 974. The internal variable will be used. [brian2.groups.group.Group.resolve.resolution_conflict]
WARNING    'w' is an internal variable of group 'syn', but also exists in the run namespace with the value 975. The internal variable will be used. [brian2.groups.group.Group.resolve.resolution_conflict]
WARNING    'w' is an internal variable of group 'syn', but also exists in the run namespace with the value 976. The internal variable will be used. [brian2.groups.group.Group.resolve.resolution_conflict]
WARNING    'w' is an internal variable of group 'syn', but also exists in the run namespace with the value 977. The internal variable will be used. [brian2.groups.group.Group.resolve.resolution_conflict]
WARNING    'w' is an internal variable of group 'syn', but also exists in the run namespace with the value 978. The internal variable will be used. [brian2.groups.group.Group.resolve.resolution_conflict]
WARNING    'w' is an internal variable of group 'syn', but also exists in the run namespace with the value 979. The internal variable will be used. [brian2.groups.group.Group.resolve.resolution_conflict]
WARNING    'w' is an internal variable of group 'syn', but also exists in the run namespace with the value 980. The internal variable will be used. [brian2.groups.group.Group.resolve.resolution_conflict]
WARNING    'w' is an internal variable of group 'syn', but also exists in the run namespace with the value 981. The internal variable will be used. [brian2.groups.group.Group.resolve.resolution_conflict]
WARNING    'w' is an internal variable of group 'syn', but also exists in the run namespace with the value 982. The internal variable will be used. [brian2.groups.group.Group.resolve.resolution_conflict]
WARNING    'w' is an internal variable of group 'syn', but also exists in the run namespace with the value 983. The internal variable will be used. [brian2.groups.group.Group.resolve.resolution_conflict]
WARNING    'w' is an internal variable of group 'syn', but also exists in the run namespace with the value 984. The internal variable will be used. [brian2.groups.group.Group.resolve.resolution_conflict]
WARNING    'w' is an internal variable of group 'syn', but also exists in the run namespace with the value 985. The internal variable will be used. [brian2.groups.group.Group.resolve.resolution_conflict]
WARNING    'w' is an internal variable of group 'syn', but also exists in the run namespace with the value 986. The internal variable will be used. [brian2.groups.group.Group.resolve.resolution_conflict]
WARNING    'w' is an internal variable of group 'syn', but also exists in the run namespace with the value 987. The internal variable will be used. [brian2.groups.group.Group.resolve.resolution_conflict]
WARNING    'w' is an internal variable of group 'syn', but also exists in the run namespace with the value 988. The internal variable will be used. [brian2.groups.group.Group.resolve.resolution_conflict]
WARNING    'w' is an internal variable of group 'syn', but also exists in the run namespace with the value 989. The internal variable will be used. [brian2.groups.group.Group.resolve.resolution_conflict]
WARNING    'w' is an internal variable of group 'syn', but also exists in the run namespace with the value 990. The internal variable will be used. [brian2.groups.group.Group.resolve.resolution_conflict]
WARNING    'w' is an internal variable of group 'syn', but also exists in the run namespace with the value 991. The internal variable will be used. [brian2.groups.group.Group.resolve.resolution_conflict]
WARNING    'w' is an internal variable of group 'syn', but also exists in the run namespace with the value 992. The internal variable will be used. [brian2.groups.group.Group.resolve.resolution_conflict]
WARNING    'w' is an internal variable of group 'syn', but also exists in the run namespace with the value 993. The internal variable will be used. [brian2.groups.group.Group.resolve.resolution_conflict]
WARNING    'w' is an internal variable of group 'syn', but also exists in the run namespace with the value 994. The internal variable will be used. [brian2.groups.group.Group.resolve.resolution_conflict]
WARNING    'w' is an internal variable of group 'syn', but also exists in the run namespace with the value 995. The internal variable will be used. [brian2.groups.group.Group.resolve.resolution_conflict]
WARNING    'w' is an internal variable of group 'syn', but also exists in the run namespace with the value 996. The internal variable will be used. [brian2.groups.group.Group.resolve.resolution_conflict]
WARNING    'w' is an internal variable of group 'syn', but also exists in the run namespace with the value 997. The internal variable will be used. [brian2.groups.group.Group.resolve.resolution_conflict]
WARNING    'w' is an internal variable of group 'syn', but also exists in the run namespace with the value 998. The internal variable will be used. [brian2.groups.group.Group.resolve.resolution_conflict]
WARNING    'w' is an internal variable of group 'syn', but also exists in the run namespace with the value 999. The internal variable will be used. [brian2.groups.group.Group.resolve.resolution_conflict]
MDN=150Hz 2.0s: 直立度=+1.00 z=+0.127 前進=-0.0033 側方=-0.0025
  中脚femur角: 平均-0.025 振幅(std)0.0077 tibia: -0.003 / 0.0093
